city_a,city_b,city_c,city_d,pair_ab,pair_bc,pair_cd,pair_da,pair_ac,pair_bd,e_ab,e_bc,e_cd,e_da,e_ac,e_bd
Breslau,Athen,Kiew,Krasnodar,Breslau|Athen,Athen|Kiew,Kiew|Krasnodar,Krasnodar|Breslau,Breslau|Kiew,Athen|Krasnodar,2182.1848999999997,2154.0701,1308.744,2434.8305,1126.2845,2937.8363
Breslau,Athen,Kiew,Krasnodar,Breslau|Athen,Athen|Kiew,Kiew|Krasnodar,Krasnodar|Breslau,Breslau|Kiew,Athen|Krasnodar,2182.1848999999997,2154.0701,1308.744,2434.8305,1126.2845,2937.8363
Malaga,Jaroslawl,Ischewsk,Turin,Malaga|Jaroslawl,Jaroslawl|Ischewsk,Ischewsk|Turin,Turin|Malaga,Malaga|Ischewsk,Jaroslawl|Turin,4885.5788,1104.902,4115.5432,1821.1532,5838.2492999999995,3162.212
Breslau,Athen,Kiew,Krasnodar,Breslau|Athen,Athen|Kiew,Kiew|Krasnodar,Krasnodar|Breslau,Breslau|Kiew,Athen|Krasnodar,2182.1848999999997,2154.0701,1308.744,2434.8305,1126.2845,2937.8363
Malaga,Jaroslawl,Ischewsk,Turin,Malaga|Jaroslawl,Jaroslawl|Ischewsk,Ischewsk|Turin,Turin|Malaga,Malaga|Ischewsk,Jaroslawl|Turin,4885.5788,1104.902,4115.5432,1821.1532,5838.2492999999995,3162.212
Breslau,Athen,Kiew,Krasnodar,Breslau|Athen,Athen|Kiew,Kiew|Krasnodar,Krasnodar|Breslau,Breslau|Kiew,Athen|Krasnodar,2182.1848999999997,2154.0701,1308.744,2434.8305,1126.2845,2937.8363
Malaga,Jaroslawl,Ischewsk,Turin,Malaga|Jaroslawl,Jaroslawl|Ischewsk,Ischewsk|Turin,Turin|Malaga,Malaga|Ischewsk,Jaroslawl|Turin,4885.5788,1104.902,4115.5432,1821.1532,5838.2492999999995,3162.212
Krywyj Rih,Lwiw (Lemberg),Rjasan,Perm,Krywyj Rih|Lwiw (Lemberg),Lwiw (Lemberg)|Rjasan,Rjasan|Perm,Perm|Krywyj Rih,Krywyj Rih|Rjasan,Lwiw (Lemberg)|Perm,822.7382,1546.6469,1405.9448,2545.1295,1192.0983,2866.8097000000002
Riga,Prag,Donezk,Bukarest,Riga|Prag,Prag|Donezk,Donezk|Bukarest,Bukarest|Riga,Riga|Donezk,Prag|Bukarest,1423.7523999999999,2133.8523,1261.2114,2354.1814,1852.7404,1342.5316
Hannover,Dnipro,Lissabon,Skopje,Hannover|Dnipro,Dnipro|Lissabon,Lissabon|Skopje,Skopje|Hannover,Hannover|Lissabon,Dnipro|Skopje,2084.7503,4592.1982,3572.4345,1831.3535,2511.0879,1587.3562
Mailand,Saratow,Bukarest,Minsk,Mailand|Saratow,Saratow|Bukarest,Bukarest|Minsk,Minsk|Mailand,Mailand|Bukarest,Saratow|Minsk,3700.5247999999997,2136.7551000000003,1469.9007,2059.1144,1771.7085,1541.3145
Breslau,Athen,Kiew,Krasnodar,Breslau|Athen,Athen|Kiew,Kiew|Krasnodar,Krasnodar|Breslau,Breslau|Kiew,Athen|Krasnodar,2182.1848999999997,2154.0701,1308.744,2434.8305,1126.2845,2937.8363
Malaga,Jaroslawl,Ischewsk,Turin,Malaga|Jaroslawl,Jaroslawl|Ischewsk,Ischewsk|Turin,Turin|Malaga,Malaga|Ischewsk,Jaroslawl|Turin,4885.5788,1104.902,4115.5432,1821.1532,5838.2492999999995,3162.212
Krywyj Rih,Lwiw (Lemberg),Rjasan,Perm,Krywyj Rih|Lwiw (Lemberg),Lwiw (Lemberg)|Rjasan,Rjasan|Perm,Perm|Krywyj Rih,Krywyj Rih|Rjasan,Lwiw (Lemberg)|Perm,822.7382,1546.6469,1405.9448,2545.1295,1192.0983,2866.8097000000002
Riga,Prag,Donezk,Bukarest,Riga|Prag,Prag|Donezk,Donezk|Bukarest,Bukarest|Riga,Riga|Donezk,Prag|Bukarest,1423.7523999999999,2133.8523,1261.2114,2354.1814,1852.7404,1342.5316
Hannover,Dnipro,Lissabon,Skopje,Hannover|Dnipro,Dnipro|Lissabon,Lissabon|Skopje,Skopje|Hannover,Hannover|Lissabon,Dnipro|Skopje,2084.7503,4592.1982,3572.4345,1831.3535,2511.0879,1587.3562
Mailand,Saratow,Bukarest,Minsk,Mailand|Saratow,Saratow|Bukarest,Bukarest|Minsk,Minsk|Mailand,Mailand|Bukarest,Saratow|Minsk,3700.5247999999997,2136.7551000000003,1469.9007,2059.1144,1771.7085,1541.3145
Zagreb,Machatschkala,Genua,Bukarest,Zagreb|Machatschkala,Machatschkala|Genua,Genua|Bukarest,Bukarest|Zagreb,Zagreb|Genua,Machatschkala|Bukarest,3228.7332,4206.7413,1896.4237,1021.7989,780.0034,2386.166
Lwiw (Lemberg),Uljanowsk,Valencia,Astrachan,Lwiw (Lemberg)|Uljanowsk,Uljanowsk|Valencia,Valencia|Astrachan,Astrachan|Lwiw (Lemberg),Lwiw (Lemberg)|Valencia,Uljanowsk|Astrachan,2226.0615,4874.3792,5082.9335,2179.153,2915.0263999999997,1259.147
Lyon,Woronesch,Dresden,Krywyj Rih,Lyon|Woronesch,Woronesch|Dresden,Dresden|Krywyj Rih,Krywyj Rih|Lyon,Lyon|Dresden,Woronesch|Krywyj Rih,3346.4335,2202.9907000000003,1678.0456000000001,2763.067,1100.9545,810.2301
Stuttgart,Bremen,Krasnodar,Paris,Stuttgart|Bremen,Bremen|Krasnodar,Krasnodar|Paris,Paris|Stuttgart,Stuttgart|Krasnodar,Bremen|Paris,639.0146,3006.8633,3668.0827999999997,650.1,3175.9407,796.3285999999999
Breslau,Athen,Kiew,Krasnodar,Breslau|Athen,Athen|Kiew,Kiew|Krasnodar,Krasnodar|Breslau,Breslau|Kiew,Athen|Krasnodar,2182.1848999999997,2154.0701,1308.744,2434.8305,1126.2845,2937.8363
Malaga,Jaroslawl,Ischewsk,Turin,Malaga|Jaroslawl,Jaroslawl|Ischewsk,Ischewsk|Turin,Turin|Malaga,Malaga|Ischewsk,Jaroslawl|Turin,4885.5788,1104.902,4115.5432,1821.1532,5838.2492999999995,3162.212
Krywyj Rih,Lwiw (Lemberg),Rjasan,Perm,Krywyj Rih|Lwiw (Lemberg),Lwiw (Lemberg)|Rjasan,Rjasan|Perm,Perm|Krywyj Rih,Krywyj Rih|Rjasan,Lwiw (Lemberg)|Perm,822.7382,1546.6469,1405.9448,2545.1295,1192.0983,2866.8097000000002
Riga,Prag,Donezk,Bukarest,Riga|Prag,Prag|Donezk,Donezk|Bukarest,Bukarest|Riga,Riga|Donezk,Prag|Bukarest,1423.7523999999999,2133.8523,1261.2114,2354.1814,1852.7404,1342.5316
Hannover,Dnipro,Lissabon,Skopje,Hannover|Dnipro,Dnipro|Lissabon,Lissabon|Skopje,Skopje|Hannover,Hannover|Lissabon,Dnipro|Skopje,2084.7503,4592.1982,3572.4345,1831.3535,2511.0879,1587.3562
Mailand,Saratow,Bukarest,Minsk,Mailand|Saratow,Saratow|Bukarest,Bukarest|Minsk,Minsk|Mailand,Mailand|Bukarest,Saratow|Minsk,3700.5247999999997,2136.7551000000003,1469.9007,2059.1144,1771.7085,1541.3145
Zagreb,Machatschkala,Genua,Bukarest,Zagreb|Machatschkala,Machatschkala|Genua,Genua|Bukarest,Bukarest|Zagreb,Zagreb|Genua,Machatschkala|Bukarest,3228.7332,4206.7413,1896.4237,1021.7989,780.0034,2386.166
Lwiw (Lemberg),Uljanowsk,Valencia,Astrachan,Lwiw (Lemberg)|Uljanowsk,Uljanowsk|Valencia,Valencia|Astrachan,Astrachan|Lwiw (Lemberg),Lwiw (Lemberg)|Valencia,Uljanowsk|Astrachan,2226.0615,4874.3792,5082.9335,2179.153,2915.0263999999997,1259.147
Lyon,Woronesch,Dresden,Krywyj Rih,Lyon|Woronesch,Woronesch|Dresden,Dresden|Krywyj Rih,Krywyj Rih|Lyon,Lyon|Dresden,Woronesch|Krywyj Rih,3346.4335,2202.9907000000003,1678.0456000000001,2763.067,1100.9545,810.2301
Stuttgart,Bremen,Krasnodar,Paris,Stuttgart|Bremen,Bremen|Krasnodar,Krasnodar|Paris,Paris|Stuttgart,Stuttgart|Krasnodar,Bremen|Paris,639.0146,3006.8633,3668.0827999999997,650.1,3175.9407,796.3285999999999
Dresden,Moskau,Hamburg,Ischewsk,Dresden|Moskau,Moskau|Hamburg,Hamburg|Ischewsk,Ischewsk|Dresden,Dresden|Hamburg,Moskau|Ischewsk,1874.6935,2103.3934,3329.3704,3097.9788,496.3292,1181.0602
Homel,Kirow,Istanbul,Astrachan,Homel|Kirow,Kirow|Istanbul,Istanbul|Astrachan,Astrachan|Homel,Homel|Istanbul,Kirow|Astrachan,1646.3038000000001,4472.807400000001,2795.8296,1730.9936,3054.2338999999997,1803.43
Lodz,Stuttgart,Kiew,Krasnodar,Lodz|Stuttgart,Stuttgart|Kiew,Kiew|Krasnodar,Krasnodar|Lodz,Lodz|Kiew,Stuttgart|Krasnodar,994.4894,1869.5707,1308.744,2216.921,908.7148000000001,3175.9407
Chisinau,Bremen,Palermo,Turin,Chisinau|Bremen,Bremen|Palermo,Palermo|Turin,Turin|Chisinau,Chisinau|Palermo,Bremen|Turin,1870.172,2577.9195,1590.283,2166.2072000000003,3189.8666000000003,1229.028
Malaga,Sevilla,Astrachan,Perm,Malaga|Sevilla,Sevilla|Astrachan,Astrachan|Perm,Perm|Malaga,Malaga|Astrachan,Sevilla|Perm,206.65779999999998,5729.749400000001,1793.2368000000001,6128.3421,5693.8348,6081.174400000001
Lissabon,Prag,Donezk,Bukarest,Lissabon|Prag,Prag|Donezk,Donezk|Bukarest,Bukarest|Lissabon,Lissabon|Donezk,Prag|Bukarest,2701.5242000000003,2133.8523,1261.2114,3894.4165,4836.1102,1342.5316
Toulouse,Dnipro,Antwerpen,Lyon,Toulouse|Dnipro,Dnipro|Antwerpen,Antwerpen|Lyon,Lyon|Toulouse,Toulouse|Antwerpen,Dnipro|Lyon,3432.0957000000003,2533.3862999999997,767.8288,545.8625999999999,1020.5790999999999,2959.5833
Mailand,Saratow,Bukarest,Minsk,Mailand|Saratow,Saratow|Bukarest,Bukarest|Minsk,Minsk|Mailand,Mailand|Bukarest,Saratow|Minsk,3700.5247999999997,2136.7551000000003,1469.9007,2059.1144,1771.7085,1541.3145
Zagreb,Riga,Nabereschnyje Tschelny,Bukarest,Zagreb|Riga,Riga|Nabereschnyje Tschelny,Nabereschnyje Tschelny|Bukarest,Bukarest|Zagreb,Zagreb|Nabereschnyje Tschelny,Riga|Bukarest,1756.1155,1964.8526000000002,2884.383,1021.7989,3428.7996000000003,2354.1814
Sevilla,Vilnius,Valencia,Pensa,Sevilla|Vilnius,Vilnius|Valencia,Valencia|Pensa,Pensa|Sevilla,Sevilla|Valencia,Vilnius|Pensa,3821.1071,3254.2324,4634.004599999999,5206.374599999999,654.8975,1541.4151000000002
Homel,Woronesch,Rjasan,Malaga,Homel|Woronesch,Woronesch|Rjasan,Rjasan|Malaga,Malaga|Homel,Homel|Rjasan,Woronesch|Malaga,731.3629,389.4169,4810.6267,4217.6022,774.5501999999999,4951.170099999999
Machatschkala,Dresden,Krasnodar,Paris,Machatschkala|Dresden,Dresden|Krasnodar,Krasnodar|Paris,Paris|Machatschkala,Machatschkala|Krasnodar,Dresden|Paris,3263.2766,2687.3727999999996,3668.0827999999997,4236.1051,861.0376,1038.5511999999999
Rjasan,Moskau,Hamburg,Palermo,Rjasan|Moskau,Moskau|Hamburg,Hamburg|Palermo,Palermo|Rjasan,Rjasan|Hamburg,Moskau|Palermo,197.0892,2103.3934,2604.5759,4186.8145,2292.9035,3955.3227
Lipezk,Istanbul,Pensa,Orenburg,Lipezk|Istanbul,Istanbul|Pensa,Pensa|Orenburg,Orenburg|Lipezk,Lipezk|Pensa,Istanbul|Orenburg,2343.9461,2814.5348,818.6364,1241.5468999999998,424.004,3530.3008999999997
Lodz,Stuttgart,Kiew,Krasnodar,Lodz|Stuttgart,Stuttgart|Kiew,Kiew|Krasnodar,Krasnodar|Lodz,Lodz|Kiew,Stuttgart|Krasnodar,994.4894,1869.5707,1308.744,2216.921,908.7148000000001,3175.9407
Chisinau,Bremen,Palermo,Turin,Chisinau|Bremen,Bremen|Palermo,Palermo|Turin,Turin|Chisinau,Chisinau|Palermo,Bremen|Turin,1870.172,2577.9195,1590.283,2166.2072000000003,3189.8666000000003,1229.028
Malaga,Sevilla,Astrachan,Perm,Malaga|Sevilla,Sevilla|Astrachan,Astrachan|Perm,Perm|Malaga,Malaga|Astrachan,Sevilla|Perm,206.65779999999998,5729.749400000001,1793.2368000000001,6128.3421,5693.8348,6081.174400000001
Lissabon,Prag,Donezk,Bukarest,Lissabon|Prag,Prag|Donezk,Donezk|Bukarest,Bukarest|Lissabon,Lissabon|Donezk,Prag|Bukarest,2701.5242000000003,2133.8523,1261.2114,3894.4165,4836.1102,1342.5316
Toulouse,Dnipro,Antwerpen,Lyon,Toulouse|Dnipro,Dnipro|Antwerpen,Antwerpen|Lyon,Lyon|Toulouse,Toulouse|Antwerpen,Dnipro|Lyon,3432.0957000000003,2533.3862999999997,767.8288,545.8625999999999,1020.5790999999999,2959.5833
Mailand,Saratow,Bukarest,Minsk,Mailand|Saratow,Saratow|Bukarest,Bukarest|Minsk,Minsk|Mailand,Mailand|Bukarest,Saratow|Minsk,3700.5247999999997,2136.7551000000003,1469.9007,2059.1144,1771.7085,1541.3145
Zagreb,Riga,Nabereschnyje Tschelny,Bukarest,Zagreb|Riga,Riga|Nabereschnyje Tschelny,Nabereschnyje Tschelny|Bukarest,Bukarest|Zagreb,Zagreb|Nabereschnyje Tschelny,Riga|Bukarest,1756.1155,1964.8526000000002,2884.383,1021.7989,3428.7996000000003,2354.1814
Sevilla,Vilnius,Valencia,Pensa,Sevilla|Vilnius,Vilnius|Valencia,Valencia|Pensa,Pensa|Sevilla,Sevilla|Valencia,Vilnius|Pensa,3821.1071,3254.2324,4634.004599999999,5206.374599999999,654.8975,1541.4151000000002
Homel,Woronesch,Rjasan,Malaga,Homel|Woronesch,Woronesch|Rjasan,Rjasan|Malaga,Malaga|Homel,Homel|Rjasan,Woronesch|Malaga,731.3629,389.4169,4810.6267,4217.6022,774.5501999999999,4951.170099999999
Machatschkala,Dresden,Krasnodar,Paris,Machatschkala|Dresden,Dresden|Krasnodar,Krasnodar|Paris,Paris|Machatschkala,Machatschkala|Krasnodar,Dresden|Paris,3263.2766,2687.3727999999996,3668.0827999999997,4236.1051,861.0376,1038.5511999999999
Rjasan,Moskau,Hamburg,Palermo,Rjasan|Moskau,Moskau|Hamburg,Hamburg|Palermo,Palermo|Rjasan,Rjasan|Hamburg,Moskau|Palermo,197.0892,2103.3934,2604.5759,4186.8145,2292.9035,3955.3227
Lipezk,Istanbul,Pensa,Orenburg,Lipezk|Istanbul,Istanbul|Pensa,Pensa|Orenburg,Orenburg|Lipezk,Lipezk|Pensa,Istanbul|Orenburg,2343.9461,2814.5348,818.6364,1241.5468999999998,424.004,3530.3008999999997
Athen,Leipzig,Kiew,Amsterdam,Athen|Leipzig,Leipzig|Kiew,Kiew|Amsterdam,Amsterdam|Athen,Athen|Kiew,Leipzig|Amsterdam,2235.889,1497.1681999999998,1966.394,2811.0359,2154.0701,633.4446999999999
Dresden,Orenburg,Uljanowsk,Saratow,Dresden|Orenburg,Orenburg|Uljanowsk,Uljanowsk|Saratow,Saratow|Dresden,Dresden|Uljanowsk,Orenburg|Saratow,3322.349,679.5229,462.7719,2713.1958,2741.7727,703.3754
Bremen,Saragossa,Hannover,Perm,Bremen|Saragossa,Saragossa|Hannover,Hannover|Perm,Perm|Bremen,Bremen|Hannover,Saragossa|Perm,1853.4465,1825.9598,3583.5199,3686.3791,124.0304,5446.6094
Chisinau,Prag,Marseille,Bukarest,Chisinau|Prag,Prag|Marseille,Marseille|Bukarest,Bukarest|Chisinau,Chisinau|Marseille,Prag|Bukarest,1453.0183,1392.0138,2270.1025,468.10990000000004,2537.4422000000004,1342.5316
Lipezk,Krasnodar,Posen,Pensa,Lipezk|Krasnodar,Krasnodar|Posen,Posen|Pensa,Pensa|Lipezk,Lipezk|Posen,Krasnodar|Pensa,988.4947,2389.9192000000003,2197.1386,424.004,1830.9111,1213.1335
Athen,Leipzig,Kiew,Amsterdam,Athen|Leipzig,Leipzig|Kiew,Kiew|Amsterdam,Amsterdam|Athen,Athen|Kiew,Leipzig|Amsterdam,2235.889,1497.1681999999998,1966.394,2811.0359,2154.0701,633.4446999999999
Dresden,Orenburg,Uljanowsk,Saratow,Dresden|Orenburg,Orenburg|Uljanowsk,Uljanowsk|Saratow,Saratow|Dresden,Dresden|Uljanowsk,Orenburg|Saratow,3322.349,679.5229,462.7719,2713.1958,2741.7727,703.3754
Bremen,Saragossa,Hannover,Perm,Bremen|Saragossa,Saragossa|Hannover,Hannover|Perm,Perm|Bremen,Bremen|Hannover,Saragossa|Perm,1853.4465,1825.9598,3583.5199,3686.3791,124.0304,5446.6094
Chisinau,Prag,Marseille,Bukarest,Chisinau|Prag,Prag|Marseille,Marseille|Bukarest,Bukarest|Chisinau,Chisinau|Marseille,Prag|Bukarest,1453.0183,1392.0138,2270.1025,468.10990000000004,2537.4422000000004,1342.5316
Lipezk,Krasnodar,Posen,Pensa,Lipezk|Krasnodar,Krasnodar|Posen,Posen|Pensa,Pensa|Lipezk,Lipezk|Posen,Krasnodar|Pensa,988.4947,2389.9192000000003,2197.1386,424.004,1830.9111,1213.1335
Mailand,Valencia,Bukarest,Minsk,Mailand|Valencia,Valencia|Bukarest,Bukarest|Minsk,Minsk|Mailand,Mailand|Bukarest,Valencia|Minsk,1319.5217,3075.0906,1469.9007,2059.1144,1771.7085,3284.8752000000004
Frankfurt am Main,Malaga,Nürnberg,Bukarest,Frankfurt am Main|Malaga,Malaga|Nürnberg,Nürnberg|Bukarest,Bukarest|Frankfurt am Main,Frankfurt am Main|Nürnberg,Malaga|Bukarest,2288.8127999999997,2396.9568,1563.2372,1782.1015,226.53529999999998,3685.992
Athen,Leipzig,Kiew,Amsterdam,Athen|Leipzig,Leipzig|Kiew,Kiew|Amsterdam,Amsterdam|Athen,Athen|Kiew,Leipzig|Amsterdam,2235.889,1497.1681999999998,1966.394,2811.0359,2154.0701,633.4446999999999
Dresden,Orenburg,Uljanowsk,Saratow,Dresden|Orenburg,Orenburg|Uljanowsk,Uljanowsk|Saratow,Saratow|Dresden,Dresden|Uljanowsk,Orenburg|Saratow,3322.349,679.5229,462.7719,2713.1958,2741.7727,703.3754
Bremen,Saragossa,Hannover,Perm,Bremen|Saragossa,Saragossa|Hannover,Hannover|Perm,Perm|Bremen,Bremen|Hannover,Saragossa|Perm,1853.4465,1825.9598,3583.5199,3686.3791,124.0304,5446.6094
Chisinau,Prag,Marseille,Bukarest,Chisinau|Prag,Prag|Marseille,Marseille|Bukarest,Bukarest|Chisinau,Chisinau|Marseille,Prag|Bukarest,1453.0183,1392.0138,2270.1025,468.10990000000004,2537.4422000000004,1342.5316
Lipezk,Krasnodar,Posen,Pensa,Lipezk|Krasnodar,Krasnodar|Posen,Posen|Pensa,Pensa|Lipezk,Lipezk|Posen,Krasnodar|Pensa,988.4947,2389.9192000000003,2197.1386,424.004,1830.9111,1213.1335
Mailand,Valencia,Bukarest,Minsk,Mailand|Valencia,Valencia|Bukarest,Bukarest|Minsk,Minsk|Mailand,Mailand|Bukarest,Valencia|Minsk,1319.5217,3075.0906,1469.9007,2059.1144,1771.7085,3284.8752000000004
Frankfurt am Main,Malaga,Nürnberg,Bukarest,Frankfurt am Main|Malaga,Malaga|Nürnberg,Nürnberg|Bukarest,Bukarest|Frankfurt am Main,Frankfurt am Main|Nürnberg,Malaga|Bukarest,2288.8127999999997,2396.9568,1563.2372,1782.1015,226.53529999999998,3685.992
Budapest,Berlin,Donezk,Dnipro,Budapest|Berlin,Berlin|Donezk,Donezk|Dnipro,Dnipro|Budapest,Budapest|Donezk,Berlin|Dnipro,real,871.4987,2085.2998000000002,263.9108,1474.308,1741.3802,1835.793
Köln,Prag,Barcelona,Rjasan,Köln|Prag,Prag|Barcelona,Barcelona|Rjasan,Rjasan|Köln,Köln|Barcelona,Prag|Rjasan,real,691.5106,1716.2253999999998,3845.656,2552.9222,1376.9863,2208.3426
Hamburg,Kirow,Vilnius,Madrid,Hamburg|Kirow,Kirow|Vilnius,Vilnius|Madrid,Madrid|Hamburg,Hamburg|Vilnius,Kirow|Madrid,real,3128.7554,1933.4615,3355.3462000000004,2174.6961,1352.2229,5131.8787999999995
Berlin,Hamburg,Perm,Odessa,Berlin|Hamburg,Hamburg|Perm,Perm|Odessa,Odessa|Berlin,Berlin|Perm,Hamburg|Odessa,real,290.0985,3612.9737999999998,2835.2625,1724.5775,3335.2464,2086.3494
Chisinau,Pensa,Berlin,Nürnberg,Chisinau|Pensa,Pensa|Berlin,Berlin|Nürnberg,Nürnberg|Chisinau,Chisinau|Berlin,Pensa|Nürnberg,real,1872.1127,2458.9816,433.7516,1741.5013999999999,1518.5401000000002,2858.5621
Ufa,Rjasan,Leipzig,Köln,Ufa|Rjasan,Rjasan|Leipzig,Leipzig|Köln,Köln|Ufa,Ufa|Leipzig,Rjasan|Köln,real,1265.9809,2166.8497,500.693,3740.2524,3353.0291,2552.9222
Jaroslawl,Kirow,Donezk,Istanbul,Jaroslawl|Kirow,Kirow|Donezk,Donezk|Istanbul,Istanbul|Jaroslawl,Jaroslawl|Donezk,Kirow|Istanbul,real,695.2346,1821.1735,1853.2865,3720.2412000000004,1401.5978,4472.807400000001
Kasan,Vilnius,Lwiw (Lemberg),Donezk,Kasan|Vilnius,Vilnius|Lwiw (Lemberg),Lwiw (Lemberg)|Donezk,Donezk|Kasan,Kasan|Lwiw (Lemberg),Vilnius|Donezk,real,1784.6336999999999,974.4268000000001,1282.7766000000001,1514.0609,2237.0415,1557.2216
Sofia,Perm,Lwiw (Lemberg),Barcelona,Sofia|Perm,Perm|Lwiw (Lemberg),Lwiw (Lemberg)|Barcelona,Barcelona|Sofia,Sofia|Lwiw (Lemberg),Perm|Barcelona,real,4407.2955,2866.8097000000002,2570.9262999999996,2380.8146,1332.4683,5165.8206
Hamburg,Lodz,Bukarest,Saragossa,Hamburg|Lodz,Lodz|Bukarest,Bukarest|Saragossa,Saragossa|Hamburg,Hamburg|Bukarest,Lodz|Saragossa,real,751.4839000000001,1578.1481999999999,3014.9757,1964.3319,1977.3075,2498.213
Sevilla,Pensa,Amsterdam,Kiew,Sevilla|Pensa,Pensa|Amsterdam,Amsterdam|Kiew,Kiew|Sevilla,Sevilla|Amsterdam,Pensa|Kiew,real,5206.374599999999,3080.5527,1966.394,4095.4697,2236.9619,1225.5628000000002
Tirana,Posen,München,Lodz,Tirana|Posen,Posen|München,München|Lodz,Lodz|Tirana,Tirana|München,Posen|Lodz,real,1946.9355,823.1041,940.7051,1804.4733,1607.258,211.01979999999998
Warschau,Nabereschnyje Tschelny,Turin,Homel,Warschau|Nabereschnyje Tschelny,Nabereschnyje Tschelny|Turin,Turin|Homel,Homel|Warschau,Warschau|Turin,Nabereschnyje Tschelny|Homel,real,2341.6677,4019.9314,2547.2681000000002,869.0044,1639.9649,1689.2004
Lipezk,Breslau,Astrachan,Rostow am Don,Lipezk|Breslau,Breslau|Astrachan,Astrachan|Rostow am Don,Rostow am Don|Lipezk,Lipezk|Astrachan,Breslau|Rostow am Don,real,1873.4624,2764.0218999999997,765.0816,693.477,1071.5772,2086.9981000000002
Wien,Kiew,Odessa,Turin,Wien|Kiew,Kiew|Odessa,Odessa|Turin,Turin|Wien,Wien|Odessa,Kiew|Turin,real,1322.0754,475.1822,2459.3824,991.2815,1615.8358,2308.552
Warschau,Odessa,Bukarest,Lodz,Warschau|Odessa,Odessa|Bukarest,Bukarest|Lodz,Lodz|Warschau,Warschau|Bukarest,Odessa|Lodz,real,1238.4066,545.2691,1578.1481999999999,138.179,1671.3571000000002,1367.6426999999999
Donezk,Tirana,Breslau,Kasan,Donezk|Tirana,Tirana|Breslau,Breslau|Kasan,Kasan|Donezk,Donezk|Breslau,Tirana|Kasan,real,2137.9359,1758.1017,2486.8474,1514.0609,1868.6498000000001,4052.2978
Ischewsk,Saragossa,Woronesch,Neapel,Ischewsk|Saragossa,Saragossa|Woronesch,Woronesch|Neapel,Neapel|Ischewsk,Ischewsk|Woronesch,Saragossa|Neapel,real,5159.28,4272.782200000001,3591.1582000000003,4527.6268,1428.3893999999998,1835.6238
Minsk,Pensa,Nischni Nowgorod,Posen,Minsk|Pensa,Pensa|Nischni Nowgorod,Nischni Nowgorod|Posen,Posen|Minsk,Minsk|Nischni Nowgorod,Pensa|Posen,real,1348.2909,425.786,2044.4537,847.5495,1196.3311999999999,2197.1386
Dnipro,Kasan,Riga,Lodz,Dnipro|Kasan,Kasan|Riga,Riga|Lodz,Lodz|Dnipro,Dnipro|Riga,Kasan|Lodz,real,1694.5076000000001,1763.9904,794.2882,1401.8588,1657.1788999999999,2268.9379
Neapel,Nürnberg,Köln,Zagreb,Neapel|Nürnberg,Nürnberg|Köln,Köln|Zagreb,Zagreb|Neapel,Neapel|Köln,Nürnberg|Zagreb,real,1288.5427,409.1087,1077.5503999999999,1090.11,1605.258,677.8866999999999
Uljanowsk,Neapel,Wien,Perm,Uljanowsk|Neapel,Neapel|Wien,Wien|Perm,Perm|Uljanowsk,Uljanowsk|Wien,Neapel|Perm,real,4169.7967,1317.7684,3455.7922000000003,855.2085,2815.0422999999996,4768.3323
Palermo,Tirana,Mailand,Amsterdam,Palermo|Tirana,Tirana|Mailand,Mailand|Amsterdam,Amsterdam|Palermo,Palermo|Mailand,Tirana|Amsterdam,real,1133.3947,1379.1479,1077.7697,2551.1847000000002,1470.2255,2386.9528999999998
Prag,Dnipro,Nürnberg,Posen,Prag|Dnipro,Dnipro|Nürnberg,Nürnberg|Posen,Posen|Prag,Prag|Nürnberg,Dnipro|Posen,real,1884.3455,2176.1515,674.4214000000001,560.4284,293.55740000000003,1574.857
Amsterdam,Hannover,Vilnius,Uljanowsk,Amsterdam|Hannover,Hannover|Vilnius,Vilnius|Uljanowsk,Uljanowsk|Amsterdam,Amsterdam|Vilnius,Hannover|Uljanowsk,real,380.92179999999996,1323.3126000000002,1775.1037,3316.0676000000003,1696.0666,2944.7812000000004
Breslau,Köln,Prag,Dresden,Breslau|Köln,Köln|Prag,Prag|Dresden,Dresden|Breslau,Breslau|Prag,Köln|Dresden,real,831.1049,691.5106,145.39970000000002,268.7127,295.29470000000003,572.4476999999999
Lissabon,Hamburg,Rom,Budapest,Lissabon|Hamburg,Hamburg|Rom,Rom|Budapest,Budapest|Lissabon,Lissabon|Rom,Hamburg|Budapest,real,2646.3913,1709.4427,1217.9894,3112.9294,2515.5417,1161.8815
Sofia,Homel,Kasan,Vilnius,Sofia|Homel,Homel|Kasan,Kasan|Vilnius,Vilnius|Sofia,Sofia|Kasan,Homel|Vilnius,real,2503.7269,1489.8219,1784.6336999999999,2146.5446,3777.7409,514.1113
Lyon,Wien,Athen,Lodz,Lyon|Wien,Wien|Athen,Athen|Lodz,Lodz|Lyon,Lyon|Athen,Wien|Lodz,real,1233.6938,1705.1778,2228.5557999999996,1588.5156000000002,2543.7655,575.4857
Lyon,Riga,Antwerpen,Krasnodar,Lyon|Riga,Riga|Antwerpen,Antwerpen|Krasnodar,Krasnodar|Lyon,Lyon|Antwerpen,Riga|Krasnodar,real,2427.5221,1924.6178,3348.448,3774.6452999999997,767.8288,2283.8875
Nabereschnyje Tschelny,Moskau,Budapest,Posen,Nabereschnyje Tschelny|Moskau,Moskau|Budapest,Budapest|Posen,Posen|Nabereschnyje Tschelny,Nabereschnyje Tschelny|Budapest,Moskau|Posen,real,1033.0764,2134.947,908.2803,2643.1801,3211.4667000000004,1563.0355
Neapel,Lwiw (Lemberg),Budapest,Turin,Neapel|Lwiw (Lemberg),Lwiw (Lemberg)|Budapest,Budapest|Turin,Turin|Neapel,Neapel|Budapest,Lwiw (Lemberg)|Turin,real,2141.76,576.4359000000001,1091.3838,893.1681,1417.8707,1815.5869
Machatschkala,Kasan,Tirana,Istanbul,Machatschkala|Kasan,Kasan|Tirana,Tirana|Istanbul,Istanbul|Machatschkala,Machatschkala|Tirana,Kasan|Istanbul,real,1957.8282,4052.2978,980.5231,2949.8489,3262.8903999999998,3338.7783
Amsterdam,Chisinau,Belgrad,Barcelona,Amsterdam|Chisinau,Chisinau|Belgrad,Belgrad|Barcelona,Barcelona|Amsterdam,Amsterdam|Belgrad,Chisinau|Barcelona,real,2140.3575,1093.7641999999998,1988.4706,1539.0935,1719.9,2998.1505
Homel,Saratow,Chisinau,Pensa,Homel|Saratow,Saratow|Chisinau,Chisinau|Pensa,Pensa|Homel,Homel|Chisinau,Saratow|Pensa,real,1241.247,1786.2633999999998,1872.1127,1121.4206000000001,1500.8279,233.1069
Ufa,Sofia,Ischewsk,Kasan,Ufa|Sofia,Sofia|Ischewsk,Ischewsk|Kasan,Kasan|Ufa,Ufa|Ischewsk,Sofia|Kasan,real,3409.6651,4124.3757000000005,381.5197,528.8906,342.7604,3777.7409
Rjasan,Antwerpen,Istanbul,Lyon,Rjasan|Antwerpen,Antwerpen|Istanbul,Istanbul|Lyon,Lyon|Rjasan,Rjasan|Istanbul,Antwerpen|Lyon,real,2704.8456,2626.6086,2398.5266,3213.979,2684.56,767.8288
Zagreb,Orenburg,Sankt Petersburg,Budapest,Zagreb|Orenburg,Orenburg|Sankt Petersburg,Sankt Petersburg|Budapest,Budapest|Zagreb,Zagreb|Sankt Petersburg,Orenburg|Budapest,real,3800.212,2195.0283,2041.7375,344.13329999999996,2219.8053,3582.1955
Breslau,Valencia,Wolgograd,Paris,Breslau|Valencia,Valencia|Wolgograd,Wolgograd|Paris,Paris|Breslau,Breslau|Wolgograd,Valencia|Paris,real,2341.9806,4911.2706,3777.4283,1299.446,2512.8869,1375.8367
Wolgograd,Skopje,Warschau,Orenburg,Wolgograd|Skopje,Skopje|Warschau,Warschau|Orenburg,Orenburg|Wolgograd,Wolgograd|Warschau,Skopje|Orenburg,real,2447.5435,1656.6839,2712.3964,1006.9458000000001,2202.3095,3432.6052
Wien,Posen,Charkiw,Malaga,Wien|Posen,Posen|Charkiw,Charkiw|Malaga,Malaga|Wien,Wien|Charkiw,Posen|Malaga,real,721.7005,1558.9668000000001,4541.6641,2745.084,1798.4941000000001,3055.1717999999996
Nabereschnyje Tschelny,Nischni Nowgorod,Amsterdam,Antwerpen,Nabereschnyje Tschelny|Nischni Nowgorod,Nischni Nowgorod|Amsterdam,Amsterdam|Antwerpen,Antwerpen|Nabereschnyje Tschelny,Nabereschnyje Tschelny|Amsterdam,Nischni Nowgorod|Antwerpen,real,644.3777,2929.0254,161.576,3594.1049,3525.9122,3002.9827999999998
Pensa,Vilnius,Perm,Rjasan,Pensa|Vilnius,Vilnius|Perm,Perm|Rjasan,Rjasan|Pensa,Pensa|Perm,Vilnius|Rjasan,real,1541.4151000000002,2412.9606,1405.9448,444.4478,1229.0055,1097.5153
Ufa,Valencia,Uljanowsk,Ischewsk,Ufa|Valencia,Valencia|Uljanowsk,Uljanowsk|Ischewsk,Ischewsk|Ufa,Ufa|Uljanowsk,Valencia|Ischewsk,real,5381.1735,4874.3792,573.0245,342.7604,591.5315,5222.9385
Krywyj Rih,Genua,Jaroslawl,München,Krywyj Rih|Genua,Genua|Jaroslawl,Jaroslawl|München,München|Krywyj Rih,Krywyj Rih|Jaroslawl,Genua|München,real,2483.3429,3222.3717,2649.0998999999997,2066.9471000000003,1449.1728,647.4205
Dnipro,Köln,Wien,Lwiw (Lemberg),Dnipro|Köln,Köln|Wien,Wien|Lwiw (Lemberg),Lwiw (Lemberg)|Dnipro,Dnipro|Wien,Köln|Lwiw (Lemberg),real,2373.6333999999997,896.7839,787.0056,1033.8952,1811.6305,1409.1138
Sankt Petersburg,Kirow,Nabereschnyje Tschelny,Odessa,Sankt Petersburg|Kirow,Kirow|Nabereschnyje Tschelny,Nabereschnyje Tschelny|Odessa,Odessa|Sankt Petersburg,Sankt Petersburg|Nabereschnyje Tschelny,Kirow|Odessa,real,1447.1641000000002,459.5937,2425.5969,2169.9611,1731.7812,2514.423
Kirow,Köln,Istanbul,Minsk,Kirow|Köln,Köln|Istanbul,Istanbul|Minsk,Minsk|Kirow,Kirow|Istanbul,Köln|Minsk,real,3388.8684,2410.4521,2730.439,1740.3373000000001,4472.807400000001,1649.9234
Homel,Paris,Odessa,Wien,Homel|Paris,Paris|Odessa,Odessa|Wien,Wien|Homel,Homel|Odessa,Paris|Wien,real,2444.1231000000002,2679.8707999999997,1615.8358,1552.2236,1379.6792,1235.9322
Madrid,Frankfurt am Main,Minsk,Dresden,Madrid|Frankfurt am Main,Frankfurt am Main|Minsk,Minsk|Dresden,Dresden|Madrid,Madrid|Minsk,Frankfurt am Main|Dresden,real,1846.9909,1627.8591000000001,1158.7729,2258.6254,3390.7028999999998,464.5174
Wolgograd,Donezk,Orenburg,Perm,Wolgograd|Donezk,Donezk|Orenburg,Orenburg|Perm,Perm|Wolgograd,Wolgograd|Orenburg,Donezk|Perm,real,611.9665,1682.9882,907.1571,1643.2612,1006.9458000000001,2264.0259
Rjasan,Charkiw,Astrachan,Malaga,Rjasan|Charkiw,Charkiw|Astrachan,Astrachan|Malaga,Malaga|Rjasan,Rjasan|Astrachan,Charkiw|Malaga,real,852.1945999999999,1187.3477,5693.8348,4810.6267,1215.6975,4541.6641
Dnipro,Malaga,Stuttgart,Rostow am Don,Dnipro|Malaga,Malaga|Stuttgart,Stuttgart|Rostow am Don,Rostow am Don|Dnipro,Dnipro|Stuttgart,Malaga|Rostow am Don,real,4557.5543,2225.53,2833.0114,491.3875,2365.7817,5024.784
Bukarest,Machatschkala,Saragossa,Vilnius,Bukarest|Machatschkala,Machatschkala|Saragossa,Saragossa|Vilnius,Vilnius|Bukarest,Bukarest|Saragossa,Machatschkala|Vilnius,real,2386.166,5259.7971,3181.4489,2197.7038,3014.9757,2613.9392000000003
Stuttgart,Riga,Rom,Bukarest,Stuttgart|Riga,Riga|Rom,Rom|Bukarest,Bukarest|Stuttgart,Stuttgart|Rom,Riga|Bukarest,real,1825.9601,2506.7505,2029.7592,1686.186,1079.1687,2354.1814
Paris,Uljanowsk,Lwiw (Lemberg),Barcelona,Paris|Uljanowsk,Uljanowsk|Lwiw (Lemberg),Lwiw (Lemberg)|Barcelona,Barcelona|Paris,Paris|Lwiw (Lemberg),Uljanowsk|Barcelona,real,3706.9417999999996,2226.0615,2570.9262999999996,1036.2915,1877.4549,4525.0706
Dnipro,Rostow am Don,Posen,Jaroslawl,Dnipro|Rostow am Don,Rostow am Don|Posen,Posen|Jaroslawl,Jaroslawl|Dnipro,Dnipro|Posen,Rostow am Don|Jaroslawl,real,491.3875,2042.0867,1834.7458000000001,1300.319,1574.857,1345.2329
Prag,Vilnius,Samara,Donezk,Prag|Vilnius,Vilnius|Samara,Samara|Donezk,Donezk|Prag,Prag|Samara,Vilnius|Donezk,real,1267.7563,1958.5448999999999,1397.9898999999998,2133.8523,3081.8882999999996,1557.2216
Riga,Dnipro,Minsk,Krywyj Rih,Riga|Dnipro,Dnipro|Minsk,Minsk|Krywyj Rih,Krywyj Rih|Riga,Riga|Minsk,Dnipro|Krywyj Rih,real,1657.1788999999999,1156.4176,1303.5956,1911.0819,485.1465,145.2037
Nabereschnyje Tschelny,Bukarest,Rom,Rjasan,Nabereschnyje Tschelny|Bukarest,Bukarest|Rom,Rom|Rjasan,Rjasan|Nabereschnyje Tschelny,Nabereschnyje Tschelny|Rom,Bukarest|Rjasan,real,2884.383,2029.7592,3290.8588,975.0412,4180.1182,2093.2601
Moskau,Hamburg,Wolgograd,Nischni Nowgorod,Moskau|Hamburg,Hamburg|Wolgograd,Wolgograd|Nischni Nowgorod,Nischni Nowgorod|Moskau,Moskau|Wolgograd,Hamburg|Nischni Nowgorod,real,2103.3934,3042.7104,1044.7285,435.7572,973.6593,2584.7493999999997
Stuttgart,Orenburg,Bremen,Perm,Stuttgart|Orenburg,Orenburg|Bremen,Bremen|Perm,Perm|Stuttgart,Stuttgart|Bremen,Orenburg|Perm,real,3870.0565,3630.163,3686.3791,3887.7856,639.0146,907.1571
Uljanowsk,Paris,Nischni Nowgorod,Lodz,Uljanowsk|Paris,Paris|Nischni Nowgorod,Nischni Nowgorod|Lodz,Lodz|Uljanowsk,Uljanowsk|Nischni Nowgorod,Paris|Lodz,real,3706.9417999999996,3319.4672,1871.4556,2257.8112,436.1991,1486.2016999999998
Istanbul,Athen,Amsterdam,Tirana,Istanbul|Athen,Athen|Amsterdam,Amsterdam|Tirana,Tirana|Istanbul,Istanbul|Amsterdam,Athen|Tirana,real,1089.8228000000001,2811.0359,2386.9528999999998,980.5231,2662.5951,664.0086
Marseille,Vilnius,Nürnberg,Orenburg,Marseille|Vilnius,Vilnius|Nürnberg,Nürnberg|Orenburg,Orenburg|Marseille,Marseille|Nürnberg,Vilnius|Orenburg,real,2578.5393,1424.1466,3623.4793,4779.1137,1119.4874,2357.5034
Sofia,Rostow am Don,Turin,Perm,Sofia|Rostow am Don,Rostow am Don|Turin,Turin|Perm,Perm|Sofia,Sofia|Turin,Rostow am Don|Perm,real,1798.5251,3268.8167000000003,4399.0507,4407.2955,1549.7856000000002,2152.2954
Paris,Rom,Hannover,Bremen,Paris|Rom,Rom|Hannover,Hannover|Bremen,Bremen|Paris,Paris|Hannover,Rom|Bremen,real,1422.931,1517.0746000000001,124.0304,796.3285999999999,771.796,1682.556
Chisinau,Antwerpen,Kasan,Paris,Chisinau|Antwerpen,Antwerpen|Kasan,Kasan|Paris,Paris|Chisinau,Chisinau|Kasan,Antwerpen|Paris,real,2211.2612999999997,3400.4652,3718.1371,2473.8333,2307.5139,342.87440000000004
Dresden,Warschau,Samara,Wien,Dresden|Warschau,Warschau|Samara,Samara|Wien,Wien|Dresden,Dresden|Samara,Warschau|Wien,real,622.4005,2325.954,3009.1733,478.9711,2927.0707,694.6221999999999
Lyon,Wien,Wolgograd,Uljanowsk,Lyon|Wien,Wien|Wolgograd,Wolgograd|Uljanowsk,Uljanowsk|Lyon,Lyon|Wolgograd,Wien|Uljanowsk,real,1233.6938,2578.7741,833.1615,3893.8395,3929.409,2815.0422999999996
München,Skopje,Dnipro,Hannover,München|Skopje,Skopje|Dnipro,Dnipro|Hannover,Hannover|München,München|Dnipro,Skopje|Hannover,real,1369.5605,1587.3562,2084.7503,632.0951,2260.2972999999997,1831.3535
Lyon,Kiew,Lipezk,Warschau,Lyon|Kiew,Kiew|Lipezk,Lipezk|Warschau,Warschau|Lyon,Lyon|Lipezk,Kiew|Warschau,real,2466.5484,838.4018000000001,1529.9046,1772.6105,3280.821,775.4775
Leipzig,Hannover,Skopje,Genua,Leipzig|Hannover,Hannover|Skopje,Skopje|Genua,Genua|Leipzig,Leipzig|Skopje,Hannover|Genua,real,261.2481,1831.3535,1578.8661000000002,1037.0872,1576.9083999999998,1128.1142
Amsterdam,Palermo,Charkiw,Saratow,Amsterdam|Palermo,Palermo|Charkiw,Charkiw|Saratow,Saratow|Amsterdam,Amsterdam|Charkiw,Palermo|Saratow,real,2551.1847000000002,3807.7242,996.8718,3323.5995,2443.5385,4796.9039
Tirana,Lipezk,Skopje,Bukarest,Tirana|Lipezk,Lipezk|Skopje,Skopje|Bukarest,Bukarest|Tirana,Tirana|Skopje,Lipezk|Bukarest,real,2727.3109,2440.618,588.3525,871.8521999999999,216.3823,1836.0744
Minsk,Posen,Perm,Chisinau,Minsk|Posen,Posen|Perm,Perm|Chisinau,Chisinau|Minsk,Minsk|Perm,Posen|Chisinau,real,847.5495,3070.263,3010.9547000000002,1208.8306,2224.5557000000003,1376.0787
Amsterdam,Charkiw,Sevilla,Wien,Amsterdam|Charkiw,Charkiw|Sevilla,Sevilla|Wien,Wien|Amsterdam,Amsterdam|Sevilla,Charkiw|Wien,real,2443.5385,4572.6144,2774.0143,1148.9268,2236.9619,1798.4941000000001
Dnipro,Ischewsk,Marseille,Kasan,Dnipro|Ischewsk,Ischewsk|Marseille,Marseille|Kasan,Kasan|Dnipro,Dnipro|Marseille,Ischewsk|Kasan,real,2091.8131000000003,4556.3705,4219.1236,1694.5076000000001,3275.3376000000003,381.5197
Krywyj Rih,Rjasan,Saratow,Toulouse,Krywyj Rih|Rjasan,Rjasan|Saratow,Saratow|Toulouse,Toulouse|Krywyj Rih,Krywyj Rih|Saratow,Rjasan|Toulouse,real,1192.0983,654.7891999999999,4345.8847000000005,3244.2244,1267.835,3695.1362000000004
Antwerpen,Moskau,Nabereschnyje Tschelny,Saratow,Antwerpen|Moskau,Moskau|Nabereschnyje Tschelny,Nabereschnyje Tschelny|Saratow,Saratow|Antwerpen,Antwerpen|Nabereschnyje Tschelny,Moskau|Saratow,real,2521.5646,1033.0764,821.614,3361.8232000000003,3594.1049,910.7048000000001
Barcelona,Prag,Amsterdam,Budapest,Barcelona|Prag,Prag|Amsterdam,Amsterdam|Budapest,Budapest|Barcelona,Barcelona|Amsterdam,Prag|Budapest,real,1716.2253999999998,877.3578,1398.14,1923.2828,1539.0935,527.8556
Barcelona,Nabereschnyje Tschelny,Sofia,Neapel,Barcelona|Nabereschnyje Tschelny,Nabereschnyje Tschelny|Sofia,Sofia|Neapel,Neapel|Barcelona,Barcelona|Sofia,Nabereschnyje Tschelny|Neapel,real,4734.9153,3976.3902000000003,1876.2725,1565.9993,2380.8146,4379.6413
Marseille,Pensa,Woronesch,Lwiw (Lemberg),Marseille|Pensa,Pensa|Woronesch,Woronesch|Lwiw (Lemberg),Lwiw (Lemberg)|Marseille,Marseille|Woronesch,Pensa|Lwiw (Lemberg),real,3963.0254,509.79609999999997,1257.5104,2244.396,3670.2765,1765.1935
Woronesch,Amsterdam,Chisinau,Orenburg,Woronesch|Amsterdam,Amsterdam|Chisinau,Chisinau|Orenburg,Orenburg|Woronesch,Woronesch|Chisinau,Amsterdam|Orenburg,real,2777.6607000000004,2140.3575,2488.8887999999997,1225.3482,1276.0583000000001,3896.641
Krasnodar,Rom,Hamburg,Vilnius,Krasnodar|Rom,Rom|Hamburg,Hamburg|Vilnius,Vilnius|Krasnodar,Krasnodar|Hamburg,Rom|Vilnius,real,3782.8386,1709.4427,1352.2229,2095.2235,2929.4973,2350.2725
Donezk,Kiew,Istanbul,Frankfurt am Main,Donezk|Kiew,Kiew|Istanbul,Istanbul|Frankfurt am Main,Frankfurt am Main|Donezk,Donezk|Istanbul,Kiew|Frankfurt am Main,real,742.2738,1594.1931000000002,2230.4745,2604.048,1853.2865,1862.1316000000002
Charkiw,Amsterdam,Kasan,Krywyj Rih,Charkiw|Amsterdam,Amsterdam|Kasan,Kasan|Krywyj Rih,Krywyj Rih|Charkiw,Charkiw|Kasan,Amsterdam|Krywyj Rih,real,2443.5385,3326.5078,1841.6856,365.21840000000003,1506.4128999999998,2375.2538
Nabereschnyje Tschelny,Vilnius,Nürnberg,Moskau,Nabereschnyje Tschelny|Vilnius,Vilnius|Nürnberg,Nürnberg|Moskau,Moskau|Nabereschnyje Tschelny,Nabereschnyje Tschelny|Nürnberg,Vilnius|Moskau,real,1986.7746000000002,1424.1466,2176.2446,1033.0764,3254.5237,905.7330999999999
Budapest,Minsk,Sofia,Rjasan,Budapest|Minsk,Minsk|Sofia,Sofia|Rjasan,Rjasan|Budapest,Budapest|Sofia,Minsk|Rjasan,real,1419.461,2183.533,3087.1309,2322.2074,772.8732,904.3910999999999
Madrid,Ischewsk,Hannover,Nabereschnyje Tschelny,Madrid|Ischewsk,Ischewsk|Hannover,Hannover|Nabereschnyje Tschelny,Nabereschnyje Tschelny|Madrid,Madrid|Hannover,Ischewsk|Nabereschnyje Tschelny,real,5333.1774000000005,3300.4541,3153.6897000000004,5185.191900000001,2040.2014,197.60670000000002
Mailand,Machatschkala,Charkiw,Kiew,Mailand|Machatschkala,Machatschkala|Charkiw,Charkiw|Kiew,Kiew|Mailand,Mailand|Charkiw,Machatschkala|Kiew,real,4096.6771,1419.2938000000001,479.6307,2172.31,2649.4548,1880.6336000000001
Valencia,Breslau,Kiew,Saragossa,Valencia|Breslau,Breslau|Kiew,Kiew|Saragossa,Saragossa|Valencia,Valencia|Kiew,Breslau|Saragossa,real,2341.9806,1126.2845,3384.8082999999997,315.1862,3448.41,2278.3221000000003
Woronesch,Dnipro,Barcelona,Saragossa,Woronesch|Dnipro,Dnipro|Barcelona,Barcelona|Saragossa,Saragossa|Woronesch,Woronesch|Barcelona,Dnipro|Saragossa,real,663.0521,3595.5512000000003,310.377,4272.782200000001,3984.3535,3877.8433
Nürnberg,Stuttgart,Lipezk,Sofia,Nürnberg|Stuttgart,Stuttgart|Lipezk,Lipezk|Sofia,Sofia|Nürnberg,Nürnberg|Lipezk,Stuttgart|Sofia,real,210.4302,2687.5647000000004,2196.3408999999997,1463.9612,2492.1586,1566.2841
Wolgograd,Kasan,Belgrad,Stuttgart,Wolgograd|Kasan,Kasan|Belgrad,Belgrad|Stuttgart,Stuttgart|Wolgograd,Wolgograd|Belgrad,Kasan|Stuttgart,real,1051.4445,3385.6652999999997,1172.1268,3285.4982999999997,2495.2749,3259.4587
Berlin,Belgrad,Frankfurt am Main,Stuttgart,Berlin|Belgrad,Belgrad|Frankfurt am Main,Frankfurt am Main|Stuttgart,Stuttgart|Berlin,Berlin|Frankfurt am Main,Belgrad|Stuttgart,real,1243.3165,1287.7795,203.7245,638.0652,551.1634,1172.1268
Dnipro,Neapel,Kasan,Barcelona,Dnipro|Neapel,Neapel|Kasan,Kasan|Barcelona,Barcelona|Dnipro,Dnipro|Kasan,Neapel|Barcelona,real,3128.0739,4140.0054,4536.266,3595.5512000000003,1694.5076000000001,1565.9993
Lodz,Madrid,Malaga,Köln,Lodz|Madrid,Madrid|Malaga,Malaga|Köln,Köln|Lodz,Lodz|Malaga,Madrid|Köln,real,2754.6072000000004,531.0992,2292.9698,1011.5968,3186.4865,1759.3551
Ufa,Tirana,Sevilla,Valencia,Ufa|Tirana,Tirana|Sevilla,Sevilla|Valencia,Valencia|Ufa,Ufa|Sevilla,Tirana|Valencia,real,4548.2402,3327.2381,654.8975,5381.1735,5951.5261,2682.5301
Odessa,Köln,Berlin,Rostow am Don,Odessa|Köln,Köln|Berlin,Berlin|Rostow am Don,Rostow am Don|Odessa,Odessa|Berlin,Köln|Rostow am Don,real,2211.5296000000003,573.2276999999999,2303.369,923.7454,1724.5775,2844.4606
Budapest,Berlin,Donezk,Dnipro,Budapest|Berlin,Berlin|Donezk,Donezk|Dnipro,Dnipro|Budapest,Budapest|Donezk,Berlin|Dnipro,real,871.4987,2085.2998000000002,263.9108,1474.308,1741.3802,1835.793
Köln,Prag,Barcelona,Rjasan,Köln|Prag,Prag|Barcelona,Barcelona|Rjasan,Rjasan|Köln,Köln|Barcelona,Prag|Rjasan,real,691.5106,1716.2253999999998,3845.656,2552.9222,1376.9863,2208.3426
Hamburg,Kirow,Vilnius,Madrid,Hamburg|Kirow,Kirow|Vilnius,Vilnius|Madrid,Madrid|Hamburg,Hamburg|Vilnius,Kirow|Madrid,real,3128.7554,1933.4615,3355.3462000000004,2174.6961,1352.2229,5131.8787999999995
Berlin,Hamburg,Perm,Odessa,Berlin|Hamburg,Hamburg|Perm,Perm|Odessa,Odessa|Berlin,Berlin|Perm,Hamburg|Odessa,real,290.0985,3612.9737999999998,2835.2625,1724.5775,3335.2464,2086.3494
Chisinau,Pensa,Berlin,Nürnberg,Chisinau|Pensa,Pensa|Berlin,Berlin|Nürnberg,Nürnberg|Chisinau,Chisinau|Berlin,Pensa|Nürnberg,real,1872.1127,2458.9816,433.7516,1741.5013999999999,1518.5401000000002,2858.5621
Ufa,Rjasan,Leipzig,Köln,Ufa|Rjasan,Rjasan|Leipzig,Leipzig|Köln,Köln|Ufa,Ufa|Leipzig,Rjasan|Köln,real,1265.9809,2166.8497,500.693,3740.2524,3353.0291,2552.9222
Jaroslawl,Kirow,Donezk,Istanbul,Jaroslawl|Kirow,Kirow|Donezk,Donezk|Istanbul,Istanbul|Jaroslawl,Jaroslawl|Donezk,Kirow|Istanbul,real,695.2346,1821.1735,1853.2865,3720.2412000000004,1401.5978,4472.807400000001
Kasan,Vilnius,Lwiw (Lemberg),Donezk,Kasan|Vilnius,Vilnius|Lwiw (Lemberg),Lwiw (Lemberg)|Donezk,Donezk|Kasan,Kasan|Lwiw (Lemberg),Vilnius|Donezk,real,1784.6336999999999,974.4268000000001,1282.7766000000001,1514.0609,2237.0415,1557.2216
Sofia,Perm,Lwiw (Lemberg),Barcelona,Sofia|Perm,Perm|Lwiw (Lemberg),Lwiw (Lemberg)|Barcelona,Barcelona|Sofia,Sofia|Lwiw (Lemberg),Perm|Barcelona,real,4407.2955,2866.8097000000002,2570.9262999999996,2380.8146,1332.4683,5165.8206
Hamburg,Lodz,Bukarest,Saragossa,Hamburg|Lodz,Lodz|Bukarest,Bukarest|Saragossa,Saragossa|Hamburg,Hamburg|Bukarest,Lodz|Saragossa,real,751.4839000000001,1578.1481999999999,3014.9757,1964.3319,1977.3075,2498.213
Sevilla,Pensa,Amsterdam,Kiew,Sevilla|Pensa,Pensa|Amsterdam,Amsterdam|Kiew,Kiew|Sevilla,Sevilla|Amsterdam,Pensa|Kiew,real,5206.374599999999,3080.5527,1966.394,4095.4697,2236.9619,1225.5628000000002
Tirana,Posen,München,Lodz,Tirana|Posen,Posen|München,München|Lodz,Lodz|Tirana,Tirana|München,Posen|Lodz,real,1946.9355,823.1041,940.7051,1804.4733,1607.258,211.01979999999998
Warschau,Nabereschnyje Tschelny,Turin,Homel,Warschau|Nabereschnyje Tschelny,Nabereschnyje Tschelny|Turin,Turin|Homel,Homel|Warschau,Warschau|Turin,Nabereschnyje Tschelny|Homel,real,2341.6677,4019.9314,2547.2681000000002,869.0044,1639.9649,1689.2004
Lipezk,Breslau,Astrachan,Rostow am Don,Lipezk|Breslau,Breslau|Astrachan,Astrachan|Rostow am Don,Rostow am Don|Lipezk,Lipezk|Astrachan,Breslau|Rostow am Don,real,1873.4624,2764.0218999999997,765.0816,693.477,1071.5772,2086.9981000000002
Wien,Kiew,Odessa,Turin,Wien|Kiew,Kiew|Odessa,Odessa|Turin,Turin|Wien,Wien|Odessa,Kiew|Turin,real,1322.0754,475.1822,2459.3824,991.2815,1615.8358,2308.552
Warschau,Odessa,Bukarest,Lodz,Warschau|Odessa,Odessa|Bukarest,Bukarest|Lodz,Lodz|Warschau,Warschau|Bukarest,Odessa|Lodz,real,1238.4066,545.2691,1578.1481999999999,138.179,1671.3571000000002,1367.6426999999999
Donezk,Tirana,Breslau,Kasan,Donezk|Tirana,Tirana|Breslau,Breslau|Kasan,Kasan|Donezk,Donezk|Breslau,Tirana|Kasan,real,2137.9359,1758.1017,2486.8474,1514.0609,1868.6498000000001,4052.2978
Ischewsk,Saragossa,Woronesch,Neapel,Ischewsk|Saragossa,Saragossa|Woronesch,Woronesch|Neapel,Neapel|Ischewsk,Ischewsk|Woronesch,Saragossa|Neapel,real,5159.28,4272.782200000001,3591.1582000000003,4527.6268,1428.3893999999998,1835.6238
Minsk,Pensa,Nischni Nowgorod,Posen,Minsk|Pensa,Pensa|Nischni Nowgorod,Nischni Nowgorod|Posen,Posen|Minsk,Minsk|Nischni Nowgorod,Pensa|Posen,real,1348.2909,425.786,2044.4537,847.5495,1196.3311999999999,2197.1386
Dnipro,Kasan,Riga,Lodz,Dnipro|Kasan,Kasan|Riga,Riga|Lodz,Lodz|Dnipro,Dnipro|Riga,Kasan|Lodz,real,1694.5076000000001,1763.9904,794.2882,1401.8588,1657.1788999999999,2268.9379
Neapel,Nürnberg,Köln,Zagreb,Neapel|Nürnberg,Nürnberg|Köln,Köln|Zagreb,Zagreb|Neapel,Neapel|Köln,Nürnberg|Zagreb,real,1288.5427,409.1087,1077.5503999999999,1090.11,1605.258,677.8866999999999
Uljanowsk,Neapel,Wien,Perm,Uljanowsk|Neapel,Neapel|Wien,Wien|Perm,Perm|Uljanowsk,Uljanowsk|Wien,Neapel|Perm,real,4169.7967,1317.7684,3455.7922000000003,855.2085,2815.0422999999996,4768.3323
Palermo,Tirana,Mailand,Amsterdam,Palermo|Tirana,Tirana|Mailand,Mailand|Amsterdam,Amsterdam|Palermo,Palermo|Mailand,Tirana|Amsterdam,real,1133.3947,1379.1479,1077.7697,2551.1847000000002,1470.2255,2386.9528999999998
Prag,Dnipro,Nürnberg,Posen,Prag|Dnipro,Dnipro|Nürnberg,Nürnberg|Posen,Posen|Prag,Prag|Nürnberg,Dnipro|Posen,real,1884.3455,2176.1515,674.4214000000001,560.4284,293.55740000000003,1574.857
Amsterdam,Hannover,Vilnius,Uljanowsk,Amsterdam|Hannover,Hannover|Vilnius,Vilnius|Uljanowsk,Uljanowsk|Amsterdam,Amsterdam|Vilnius,Hannover|Uljanowsk,real,380.92179999999996,1323.3126000000002,1775.1037,3316.0676000000003,1696.0666,2944.7812000000004
Breslau,Köln,Prag,Dresden,Breslau|Köln,Köln|Prag,Prag|Dresden,Dresden|Breslau,Breslau|Prag,Köln|Dresden,real,831.1049,691.5106,145.39970000000002,268.7127,295.29470000000003,572.4476999999999
Lissabon,Hamburg,Rom,Budapest,Lissabon|Hamburg,Hamburg|Rom,Rom|Budapest,Budapest|Lissabon,Lissabon|Rom,Hamburg|Budapest,real,2646.3913,1709.4427,1217.9894,3112.9294,2515.5417,1161.8815
Sofia,Homel,Kasan,Vilnius,Sofia|Homel,Homel|Kasan,Kasan|Vilnius,Vilnius|Sofia,Sofia|Kasan,Homel|Vilnius,real,2503.7269,1489.8219,1784.6336999999999,2146.5446,3777.7409,514.1113
Lyon,Wien,Athen,Lodz,Lyon|Wien,Wien|Athen,Athen|Lodz,Lodz|Lyon,Lyon|Athen,Wien|Lodz,real,1233.6938,1705.1778,2228.5557999999996,1588.5156000000002,2543.7655,575.4857
Lyon,Riga,Antwerpen,Krasnodar,Lyon|Riga,Riga|Antwerpen,Antwerpen|Krasnodar,Krasnodar|Lyon,Lyon|Antwerpen,Riga|Krasnodar,real,2427.5221,1924.6178,3348.448,3774.6452999999997,767.8288,2283.8875
Nabereschnyje Tschelny,Moskau,Budapest,Posen,Nabereschnyje Tschelny|Moskau,Moskau|Budapest,Budapest|Posen,Posen|Nabereschnyje Tschelny,Nabereschnyje Tschelny|Budapest,Moskau|Posen,real,1033.0764,2134.947,908.2803,2643.1801,3211.4667000000004,1563.0355
Neapel,Lwiw (Lemberg),Budapest,Turin,Neapel|Lwiw (Lemberg),Lwiw (Lemberg)|Budapest,Budapest|Turin,Turin|Neapel,Neapel|Budapest,Lwiw (Lemberg)|Turin,real,2141.76,576.4359000000001,1091.3838,893.1681,1417.8707,1815.5869
Machatschkala,Kasan,Tirana,Istanbul,Machatschkala|Kasan,Kasan|Tirana,Tirana|Istanbul,Istanbul|Machatschkala,Machatschkala|Tirana,Kasan|Istanbul,real,1957.8282,4052.2978,980.5231,2949.8489,3262.8903999999998,3338.7783
Amsterdam,Chisinau,Belgrad,Barcelona,Amsterdam|Chisinau,Chisinau|Belgrad,Belgrad|Barcelona,Barcelona|Amsterdam,Amsterdam|Belgrad,Chisinau|Barcelona,real,2140.3575,1093.7641999999998,1988.4706,1539.0935,1719.9,2998.1505
Homel,Saratow,Chisinau,Pensa,Homel|Saratow,Saratow|Chisinau,Chisinau|Pensa,Pensa|Homel,Homel|Chisinau,Saratow|Pensa,real,1241.247,1786.2633999999998,1872.1127,1121.4206000000001,1500.8279,233.1069
Ufa,Sofia,Ischewsk,Kasan,Ufa|Sofia,Sofia|Ischewsk,Ischewsk|Kasan,Kasan|Ufa,Ufa|Ischewsk,Sofia|Kasan,real,3409.6651,4124.3757000000005,381.5197,528.8906,342.7604,3777.7409
Rjasan,Antwerpen,Istanbul,Lyon,Rjasan|Antwerpen,Antwerpen|Istanbul,Istanbul|Lyon,Lyon|Rjasan,Rjasan|Istanbul,Antwerpen|Lyon,real,2704.8456,2626.6086,2398.5266,3213.979,2684.56,767.8288
Zagreb,Orenburg,Sankt Petersburg,Budapest,Zagreb|Orenburg,Orenburg|Sankt Petersburg,Sankt Petersburg|Budapest,Budapest|Zagreb,Zagreb|Sankt Petersburg,Orenburg|Budapest,real,3800.212,2195.0283,2041.7375,344.13329999999996,2219.8053,3582.1955
Breslau,Valencia,Wolgograd,Paris,Breslau|Valencia,Valencia|Wolgograd,Wolgograd|Paris,Paris|Breslau,Breslau|Wolgograd,Valencia|Paris,real,2341.9806,4911.2706,3777.4283,1299.446,2512.8869,1375.8367
Wolgograd,Skopje,Warschau,Orenburg,Wolgograd|Skopje,Skopje|Warschau,Warschau|Orenburg,Orenburg|Wolgograd,Wolgograd|Warschau,Skopje|Orenburg,real,2447.5435,1656.6839,2712.3964,1006.9458000000001,2202.3095,3432.6052
Wien,Posen,Charkiw,Malaga,Wien|Posen,Posen|Charkiw,Charkiw|Malaga,Malaga|Wien,Wien|Charkiw,Posen|Malaga,real,721.7005,1558.9668000000001,4541.6641,2745.084,1798.4941000000001,3055.1717999999996
Nabereschnyje Tschelny,Nischni Nowgorod,Amsterdam,Antwerpen,Nabereschnyje Tschelny|Nischni Nowgorod,Nischni Nowgorod|Amsterdam,Amsterdam|Antwerpen,Antwerpen|Nabereschnyje Tschelny,Nabereschnyje Tschelny|Amsterdam,Nischni Nowgorod|Antwerpen,real,644.3777,2929.0254,161.576,3594.1049,3525.9122,3002.9827999999998
Pensa,Vilnius,Perm,Rjasan,Pensa|Vilnius,Vilnius|Perm,Perm|Rjasan,Rjasan|Pensa,Pensa|Perm,Vilnius|Rjasan,real,1541.4151000000002,2412.9606,1405.9448,444.4478,1229.0055,1097.5153
Ufa,Valencia,Uljanowsk,Ischewsk,Ufa|Valencia,Valencia|Uljanowsk,Uljanowsk|Ischewsk,Ischewsk|Ufa,Ufa|Uljanowsk,Valencia|Ischewsk,real,5381.1735,4874.3792,573.0245,342.7604,591.5315,5222.9385
Krywyj Rih,Genua,Jaroslawl,München,Krywyj Rih|Genua,Genua|Jaroslawl,Jaroslawl|München,München|Krywyj Rih,Krywyj Rih|Jaroslawl,Genua|München,real,2483.3429,3222.3717,2649.0998999999997,2066.9471000000003,1449.1728,647.4205
Dnipro,Köln,Wien,Lwiw (Lemberg),Dnipro|Köln,Köln|Wien,Wien|Lwiw (Lemberg),Lwiw (Lemberg)|Dnipro,Dnipro|Wien,Köln|Lwiw (Lemberg),real,2373.6333999999997,896.7839,787.0056,1033.8952,1811.6305,1409.1138
Sankt Petersburg,Kirow,Nabereschnyje Tschelny,Odessa,Sankt Petersburg|Kirow,Kirow|Nabereschnyje Tschelny,Nabereschnyje Tschelny|Odessa,Odessa|Sankt Petersburg,Sankt Petersburg|Nabereschnyje Tschelny,Kirow|Odessa,real,1447.1641000000002,459.5937,2425.5969,2169.9611,1731.7812,2514.423
Kirow,Köln,Istanbul,Minsk,Kirow|Köln,Köln|Istanbul,Istanbul|Minsk,Minsk|Kirow,Kirow|Istanbul,Köln|Minsk,real,3388.8684,2410.4521,2730.439,1740.3373000000001,4472.807400000001,1649.9234
Homel,Paris,Odessa,Wien,Homel|Paris,Paris|Odessa,Odessa|Wien,Wien|Homel,Homel|Odessa,Paris|Wien,real,2444.1231000000002,2679.8707999999997,1615.8358,1552.2236,1379.6792,1235.9322
Madrid,Frankfurt am Main,Minsk,Dresden,Madrid|Frankfurt am Main,Frankfurt am Main|Minsk,Minsk|Dresden,Dresden|Madrid,Madrid|Minsk,Frankfurt am Main|Dresden,real,1846.9909,1627.8591000000001,1158.7729,2258.6254,3390.7028999999998,464.5174
Wolgograd,Donezk,Orenburg,Perm,Wolgograd|Donezk,Donezk|Orenburg,Orenburg|Perm,Perm|Wolgograd,Wolgograd|Orenburg,Donezk|Perm,real,611.9665,1682.9882,907.1571,1643.2612,1006.9458000000001,2264.0259
Rjasan,Charkiw,Astrachan,Malaga,Rjasan|Charkiw,Charkiw|Astrachan,Astrachan|Malaga,Malaga|Rjasan,Rjasan|Astrachan,Charkiw|Malaga,real,852.1945999999999,1187.3477,5693.8348,4810.6267,1215.6975,4541.6641
Dnipro,Malaga,Stuttgart,Rostow am Don,Dnipro|Malaga,Malaga|Stuttgart,Stuttgart|Rostow am Don,Rostow am Don|Dnipro,Dnipro|Stuttgart,Malaga|Rostow am Don,real,4557.5543,2225.53,2833.0114,491.3875,2365.7817,5024.784
Bukarest,Machatschkala,Saragossa,Vilnius,Bukarest|Machatschkala,Machatschkala|Saragossa,Saragossa|Vilnius,Vilnius|Bukarest,Bukarest|Saragossa,Machatschkala|Vilnius,real,2386.166,5259.7971,3181.4489,2197.7038,3014.9757,2613.9392000000003
Stuttgart,Riga,Rom,Bukarest,Stuttgart|Riga,Riga|Rom,Rom|Bukarest,Bukarest|Stuttgart,Stuttgart|Rom,Riga|Bukarest,real,1825.9601,2506.7505,2029.7592,1686.186,1079.1687,2354.1814
Paris,Uljanowsk,Lwiw (Lemberg),Barcelona,Paris|Uljanowsk,Uljanowsk|Lwiw (Lemberg),Lwiw (Lemberg)|Barcelona,Barcelona|Paris,Paris|Lwiw (Lemberg),Uljanowsk|Barcelona,real,3706.9417999999996,2226.0615,2570.9262999999996,1036.2915,1877.4549,4525.0706
Dnipro,Rostow am Don,Posen,Jaroslawl,Dnipro|Rostow am Don,Rostow am Don|Posen,Posen|Jaroslawl,Jaroslawl|Dnipro,Dnipro|Posen,Rostow am Don|Jaroslawl,real,491.3875,2042.0867,1834.7458000000001,1300.319,1574.857,1345.2329
Prag,Vilnius,Samara,Donezk,Prag|Vilnius,Vilnius|Samara,Samara|Donezk,Donezk|Prag,Prag|Samara,Vilnius|Donezk,real,1267.7563,1958.5448999999999,1397.9898999999998,2133.8523,3081.8882999999996,1557.2216
Riga,Dnipro,Minsk,Krywyj Rih,Riga|Dnipro,Dnipro|Minsk,Minsk|Krywyj Rih,Krywyj Rih|Riga,Riga|Minsk,Dnipro|Krywyj Rih,real,1657.1788999999999,1156.4176,1303.5956,1911.0819,485.1465,145.2037
Nabereschnyje Tschelny,Bukarest,Rom,Rjasan,Nabereschnyje Tschelny|Bukarest,Bukarest|Rom,Rom|Rjasan,Rjasan|Nabereschnyje Tschelny,Nabereschnyje Tschelny|Rom,Bukarest|Rjasan,real,2884.383,2029.7592,3290.8588,975.0412,4180.1182,2093.2601
Moskau,Hamburg,Wolgograd,Nischni Nowgorod,Moskau|Hamburg,Hamburg|Wolgograd,Wolgograd|Nischni Nowgorod,Nischni Nowgorod|Moskau,Moskau|Wolgograd,Hamburg|Nischni Nowgorod,real,2103.3934,3042.7104,1044.7285,435.7572,973.6593,2584.7493999999997
Stuttgart,Orenburg,Bremen,Perm,Stuttgart|Orenburg,Orenburg|Bremen,Bremen|Perm,Perm|Stuttgart,Stuttgart|Bremen,Orenburg|Perm,real,3870.0565,3630.163,3686.3791,3887.7856,639.0146,907.1571
Uljanowsk,Paris,Nischni Nowgorod,Lodz,Uljanowsk|Paris,Paris|Nischni Nowgorod,Nischni Nowgorod|Lodz,Lodz|Uljanowsk,Uljanowsk|Nischni Nowgorod,Paris|Lodz,real,3706.9417999999996,3319.4672,1871.4556,2257.8112,436.1991,1486.2016999999998
Istanbul,Athen,Amsterdam,Tirana,Istanbul|Athen,Athen|Amsterdam,Amsterdam|Tirana,Tirana|Istanbul,Istanbul|Amsterdam,Athen|Tirana,real,1089.8228000000001,2811.0359,2386.9528999999998,980.5231,2662.5951,664.0086
Marseille,Vilnius,Nürnberg,Orenburg,Marseille|Vilnius,Vilnius|Nürnberg,Nürnberg|Orenburg,Orenburg|Marseille,Marseille|Nürnberg,Vilnius|Orenburg,real,2578.5393,1424.1466,3623.4793,4779.1137,1119.4874,2357.5034
Sofia,Rostow am Don,Turin,Perm,Sofia|Rostow am Don,Rostow am Don|Turin,Turin|Perm,Perm|Sofia,Sofia|Turin,Rostow am Don|Perm,real,1798.5251,3268.8167000000003,4399.0507,4407.2955,1549.7856000000002,2152.2954
Paris,Rom,Hannover,Bremen,Paris|Rom,Rom|Hannover,Hannover|Bremen,Bremen|Paris,Paris|Hannover,Rom|Bremen,real,1422.931,1517.0746000000001,124.0304,796.3285999999999,771.796,1682.556
Chisinau,Antwerpen,Kasan,Paris,Chisinau|Antwerpen,Antwerpen|Kasan,Kasan|Paris,Paris|Chisinau,Chisinau|Kasan,Antwerpen|Paris,real,2211.2612999999997,3400.4652,3718.1371,2473.8333,2307.5139,342.87440000000004
Dresden,Warschau,Samara,Wien,Dresden|Warschau,Warschau|Samara,Samara|Wien,Wien|Dresden,Dresden|Samara,Warschau|Wien,real,622.4005,2325.954,3009.1733,478.9711,2927.0707,694.6221999999999
Lyon,Wien,Wolgograd,Uljanowsk,Lyon|Wien,Wien|Wolgograd,Wolgograd|Uljanowsk,Uljanowsk|Lyon,Lyon|Wolgograd,Wien|Uljanowsk,real,1233.6938,2578.7741,833.1615,3893.8395,3929.409,2815.0422999999996
München,Skopje,Dnipro,Hannover,München|Skopje,Skopje|Dnipro,Dnipro|Hannover,Hannover|München,München|Dnipro,Skopje|Hannover,real,1369.5605,1587.3562,2084.7503,632.0951,2260.2972999999997,1831.3535
Lyon,Kiew,Lipezk,Warschau,Lyon|Kiew,Kiew|Lipezk,Lipezk|Warschau,Warschau|Lyon,Lyon|Lipezk,Kiew|Warschau,real,2466.5484,838.4018000000001,1529.9046,1772.6105,3280.821,775.4775
Leipzig,Hannover,Skopje,Genua,Leipzig|Hannover,Hannover|Skopje,Skopje|Genua,Genua|Leipzig,Leipzig|Skopje,Hannover|Genua,real,261.2481,1831.3535,1578.8661000000002,1037.0872,1576.9083999999998,1128.1142
Amsterdam,Palermo,Charkiw,Saratow,Amsterdam|Palermo,Palermo|Charkiw,Charkiw|Saratow,Saratow|Amsterdam,Amsterdam|Charkiw,Palermo|Saratow,real,2551.1847000000002,3807.7242,996.8718,3323.5995,2443.5385,4796.9039
Tirana,Lipezk,Skopje,Bukarest,Tirana|Lipezk,Lipezk|Skopje,Skopje|Bukarest,Bukarest|Tirana,Tirana|Skopje,Lipezk|Bukarest,real,2727.3109,2440.618,588.3525,871.8521999999999,216.3823,1836.0744
Minsk,Posen,Perm,Chisinau,Minsk|Posen,Posen|Perm,Perm|Chisinau,Chisinau|Minsk,Minsk|Perm,Posen|Chisinau,real,847.5495,3070.263,3010.9547000000002,1208.8306,2224.5557000000003,1376.0787
Amsterdam,Charkiw,Sevilla,Wien,Amsterdam|Charkiw,Charkiw|Sevilla,Sevilla|Wien,Wien|Amsterdam,Amsterdam|Sevilla,Charkiw|Wien,real,2443.5385,4572.6144,2774.0143,1148.9268,2236.9619,1798.4941000000001
Dnipro,Ischewsk,Marseille,Kasan,Dnipro|Ischewsk,Ischewsk|Marseille,Marseille|Kasan,Kasan|Dnipro,Dnipro|Marseille,Ischewsk|Kasan,real,2091.8131000000003,4556.3705,4219.1236,1694.5076000000001,3275.3376000000003,381.5197
Krywyj Rih,Rjasan,Saratow,Toulouse,Krywyj Rih|Rjasan,Rjasan|Saratow,Saratow|Toulouse,Toulouse|Krywyj Rih,Krywyj Rih|Saratow,Rjasan|Toulouse,real,1192.0983,654.7891999999999,4345.8847000000005,3244.2244,1267.835,3695.1362000000004
Antwerpen,Moskau,Nabereschnyje Tschelny,Saratow,Antwerpen|Moskau,Moskau|Nabereschnyje Tschelny,Nabereschnyje Tschelny|Saratow,Saratow|Antwerpen,Antwerpen|Nabereschnyje Tschelny,Moskau|Saratow,real,2521.5646,1033.0764,821.614,3361.8232000000003,3594.1049,910.7048000000001
Barcelona,Prag,Amsterdam,Budapest,Barcelona|Prag,Prag|Amsterdam,Amsterdam|Budapest,Budapest|Barcelona,Barcelona|Amsterdam,Prag|Budapest,real,1716.2253999999998,877.3578,1398.14,1923.2828,1539.0935,527.8556
Barcelona,Nabereschnyje Tschelny,Sofia,Neapel,Barcelona|Nabereschnyje Tschelny,Nabereschnyje Tschelny|Sofia,Sofia|Neapel,Neapel|Barcelona,Barcelona|Sofia,Nabereschnyje Tschelny|Neapel,real,4734.9153,3976.3902000000003,1876.2725,1565.9993,2380.8146,4379.6413
Marseille,Pensa,Woronesch,Lwiw (Lemberg),Marseille|Pensa,Pensa|Woronesch,Woronesch|Lwiw (Lemberg),Lwiw (Lemberg)|Marseille,Marseille|Woronesch,Pensa|Lwiw (Lemberg),real,3963.0254,509.79609999999997,1257.5104,2244.396,3670.2765,1765.1935
Woronesch,Amsterdam,Chisinau,Orenburg,Woronesch|Amsterdam,Amsterdam|Chisinau,Chisinau|Orenburg,Orenburg|Woronesch,Woronesch|Chisinau,Amsterdam|Orenburg,real,2777.6607000000004,2140.3575,2488.8887999999997,1225.3482,1276.0583000000001,3896.641
Krasnodar,Rom,Hamburg,Vilnius,Krasnodar|Rom,Rom|Hamburg,Hamburg|Vilnius,Vilnius|Krasnodar,Krasnodar|Hamburg,Rom|Vilnius,real,3782.8386,1709.4427,1352.2229,2095.2235,2929.4973,2350.2725
Donezk,Kiew,Istanbul,Frankfurt am Main,Donezk|Kiew,Kiew|Istanbul,Istanbul|Frankfurt am Main,Frankfurt am Main|Donezk,Donezk|Istanbul,Kiew|Frankfurt am Main,real,742.2738,1594.1931000000002,2230.4745,2604.048,1853.2865,1862.1316000000002
Charkiw,Amsterdam,Kasan,Krywyj Rih,Charkiw|Amsterdam,Amsterdam|Kasan,Kasan|Krywyj Rih,Krywyj Rih|Charkiw,Charkiw|Kasan,Amsterdam|Krywyj Rih,real,2443.5385,3326.5078,1841.6856,365.21840000000003,1506.4128999999998,2375.2538
Nabereschnyje Tschelny,Vilnius,Nürnberg,Moskau,Nabereschnyje Tschelny|Vilnius,Vilnius|Nürnberg,Nürnberg|Moskau,Moskau|Nabereschnyje Tschelny,Nabereschnyje Tschelny|Nürnberg,Vilnius|Moskau,real,1986.7746000000002,1424.1466,2176.2446,1033.0764,3254.5237,905.7330999999999
Budapest,Minsk,Sofia,Rjasan,Budapest|Minsk,Minsk|Sofia,Sofia|Rjasan,Rjasan|Budapest,Budapest|Sofia,Minsk|Rjasan,real,1419.461,2183.533,3087.1309,2322.2074,772.8732,904.3910999999999
Madrid,Ischewsk,Hannover,Nabereschnyje Tschelny,Madrid|Ischewsk,Ischewsk|Hannover,Hannover|Nabereschnyje Tschelny,Nabereschnyje Tschelny|Madrid,Madrid|Hannover,Ischewsk|Nabereschnyje Tschelny,real,5333.1774000000005,3300.4541,3153.6897000000004,5185.191900000001,2040.2014,197.60670000000002
Mailand,Machatschkala,Charkiw,Kiew,Mailand|Machatschkala,Machatschkala|Charkiw,Charkiw|Kiew,Kiew|Mailand,Mailand|Charkiw,Machatschkala|Kiew,real,4096.6771,1419.2938000000001,479.6307,2172.31,2649.4548,1880.6336000000001
Valencia,Breslau,Kiew,Saragossa,Valencia|Breslau,Breslau|Kiew,Kiew|Saragossa,Saragossa|Valencia,Valencia|Kiew,Breslau|Saragossa,real,2341.9806,1126.2845,3384.8082999999997,315.1862,3448.41,2278.3221000000003
Woronesch,Dnipro,Barcelona,Saragossa,Woronesch|Dnipro,Dnipro|Barcelona,Barcelona|Saragossa,Saragossa|Woronesch,Woronesch|Barcelona,Dnipro|Saragossa,real,663.0521,3595.5512000000003,310.377,4272.782200000001,3984.3535,3877.8433
Nürnberg,Stuttgart,Lipezk,Sofia,Nürnberg|Stuttgart,Stuttgart|Lipezk,Lipezk|Sofia,Sofia|Nürnberg,Nürnberg|Lipezk,Stuttgart|Sofia,real,210.4302,2687.5647000000004,2196.3408999999997,1463.9612,2492.1586,1566.2841
Wolgograd,Kasan,Belgrad,Stuttgart,Wolgograd|Kasan,Kasan|Belgrad,Belgrad|Stuttgart,Stuttgart|Wolgograd,Wolgograd|Belgrad,Kasan|Stuttgart,real,1051.4445,3385.6652999999997,1172.1268,3285.4982999999997,2495.2749,3259.4587
Berlin,Belgrad,Frankfurt am Main,Stuttgart,Berlin|Belgrad,Belgrad|Frankfurt am Main,Frankfurt am Main|Stuttgart,Stuttgart|Berlin,Berlin|Frankfurt am Main,Belgrad|Stuttgart,real,1243.3165,1287.7795,203.7245,638.0652,551.1634,1172.1268
Dnipro,Neapel,Kasan,Barcelona,Dnipro|Neapel,Neapel|Kasan,Kasan|Barcelona,Barcelona|Dnipro,Dnipro|Kasan,Neapel|Barcelona,real,3128.0739,4140.0054,4536.266,3595.5512000000003,1694.5076000000001,1565.9993
Lodz,Madrid,Malaga,Köln,Lodz|Madrid,Madrid|Malaga,Malaga|Köln,Köln|Lodz,Lodz|Malaga,Madrid|Köln,real,2754.6072000000004,531.0992,2292.9698,1011.5968,3186.4865,1759.3551
Ufa,Tirana,Sevilla,Valencia,Ufa|Tirana,Tirana|Sevilla,Sevilla|Valencia,Valencia|Ufa,Ufa|Sevilla,Tirana|Valencia,real,4548.2402,3327.2381,654.8975,5381.1735,5951.5261,2682.5301
Odessa,Köln,Berlin,Rostow am Don,Odessa|Köln,Köln|Berlin,Berlin|Rostow am Don,Rostow am Don|Odessa,Odessa|Berlin,Köln|Rostow am Don,real,2211.5296000000003,573.2276999999999,2303.369,923.7454,1724.5775,2844.4606
Budapest,Berlin,Donezk,Dnipro,Budapest|Berlin,Berlin|Donezk,Donezk|Dnipro,Dnipro|Budapest,Budapest|Donezk,Berlin|Dnipro,real,871.4987,2085.2998000000002,263.9108,1474.308,1741.3802,1835.793
Köln,Prag,Barcelona,Nabereschnyje Tschelny,Köln|Prag,Prag|Barcelona,Barcelona|Nabereschnyje Tschelny,Nabereschnyje Tschelny|Köln,Köln|Barcelona,Prag|Nabereschnyje Tschelny,real,691.5106,1716.2253999999998,4734.9153,3442.1815,1376.9863,3097.602
Hamburg,Lyon,Machatschkala,Madrid,Hamburg|Lyon,Lyon|Machatschkala,Machatschkala|Madrid,Madrid|Hamburg,Hamburg|Machatschkala,Lyon|Madrid,real,1163.1947,4348.6942,5504.5103,2174.6961,3501.3869,1226.147
Berlin,Hamburg,Perm,Odessa,Berlin|Hamburg,Hamburg|Perm,Perm|Odessa,Odessa|Berlin,Berlin|Perm,Hamburg|Odessa,real,290.0985,3612.9737999999998,2835.2625,1724.5775,3335.2464,2086.3494
Dresden,Toulouse,Berlin,Skopje,Dresden|Toulouse,Toulouse|Berlin,Berlin|Skopje,Skopje|Dresden,Dresden|Berlin,Toulouse|Skopje,real,1589.9474,1713.4443999999999,1672.2516,1471.2202,192.57760000000002,2326.802
Ufa,Nabereschnyje Tschelny,Vilnius,Köln,Ufa|Nabereschnyje Tschelny,Nabereschnyje Tschelny|Vilnius,Vilnius|Köln,Köln|Ufa,Ufa|Vilnius,Nabereschnyje Tschelny|Köln,real,295.6408,1986.7746000000002,1612.3358999999998,3740.2524,2280.5761,3442.1815
Tirana,Lyon,Donezk,Istanbul,Tirana|Lyon,Lyon|Donezk,Donezk|Istanbul,Istanbul|Tirana,Tirana|Donezk,Lyon|Istanbul,real,1802.5009,3208.4647999999997,1853.2865,980.5231,2137.9359,2398.5266
Kasan,Machatschkala,Sevilla,Donezk,Kasan|Machatschkala,Machatschkala|Sevilla,Sevilla|Donezk,Donezk|Kasan,Kasan|Sevilla,Machatschkala|Donezk,real,1957.8282,5970.271,4837.3861,1514.0609,5455.5837,1176.453
Sofia,Perm,Sevilla,Barcelona,Sofia|Perm,Perm|Sevilla,Sevilla|Barcelona,Barcelona|Sofia,Sofia|Sevilla,Perm|Barcelona,real,4407.2955,6081.174400000001,995.1384,2380.8146,3369.0961,5165.8206
Hamburg,Athen,Bukarest,Breslau,Hamburg|Athen,Athen|Bukarest,Bukarest|Breslau,Breslau|Hamburg,Hamburg|Bukarest,Athen|Breslau,real,2624.4143,1148.4991,1536.5693999999999,649.4866,1977.3075,2182.1848999999997
Saragossa,Toulouse,Amsterdam,Kiew,Saragossa|Toulouse,Toulouse|Amsterdam,Amsterdam|Kiew,Kiew|Saragossa,Saragossa|Amsterdam,Toulouse|Kiew,real,389.621,1178.683,1966.394,3384.8082999999997,1558.5956999999999,2947.7057
Riga,Rjasan,München,Athen,Riga|Rjasan,Rjasan|München,München|Athen,Athen|Riga,Riga|München,Rjasan|Athen,real,1128.9413,2564.5272999999997,2031.3406,2996.7992000000004,1780.4189,3780.9075
Warschau,Nürnberg,Turin,Homel,Warschau|Nürnberg,Nürnberg|Turin,Turin|Homel,Homel|Warschau,Warschau|Turin,Nürnberg|Homel,real,924.3861999999999,731.0339,2547.2681000000002,869.0044,1639.9649,1831.2584
Ischewsk,Hannover,Rostow am Don,Wien,Ischewsk|Hannover,Hannover|Rostow am Don,Rostow am Don|Wien,Wien|Ischewsk,Ischewsk|Rostow am Don,Hannover|Wien,real,3300.4541,2554.4618,2279.2065,3172.8723999999997,1878.6628999999998,838.7325999999999
Kiew,Odessa,Turin,Warschau,Kiew|Odessa,Odessa|Turin,Turin|Warschau,Warschau|Kiew,Kiew|Turin,Odessa|Warschau,real,475.1822,2459.3824,1639.9649,775.4775,2308.552,1238.4066
Odessa,Bukarest,Athen,Donezk,Odessa|Bukarest,Bukarest|Athen,Athen|Donezk,Donezk|Odessa,Odessa|Athen,Bukarest|Donezk,real,545.2691,1148.4991,2414.5827000000004,721.4019000000001,1698.3497,1261.2114
Riga,Ischewsk,Kasan,Lodz,Riga|Ischewsk,Ischewsk|Kasan,Kasan|Lodz,Lodz|Riga,Riga|Kasan,Ischewsk|Lodz,real,2110.1333,381.5197,2268.9379,794.2882,1763.9904,2615.0807999999997
Breslau,Woronesch,Neapel,Minsk,Breslau|Woronesch,Woronesch|Neapel,Neapel|Minsk,Minsk|Breslau,Breslau|Neapel,Woronesch|Minsk,real,1938.0003000000002,3591.1582000000003,2545.6187999999997,892.4609,1838.5634,1030.7067
Toulouse,Nischni Nowgorod,Rjasan,Dnipro,Toulouse|Nischni Nowgorod,Nischni Nowgorod|Rjasan,Rjasan|Dnipro,Dnipro|Toulouse,Toulouse|Rjasan,Nischni Nowgorod|Dnipro,real,3987.0443999999998,432.1776,1043.2445,3432.0957000000003,3695.1362000000004,1394.1193999999998
Kasan,Malaga,Athen,Neapel,Kasan|Malaga,Malaga|Athen,Athen|Neapel,Neapel|Kasan,Kasan|Athen,Malaga|Neapel,real,5501.3403,4033.9424,1119.8512,4140.0054,4476.3804,2515.3349
Skopje,Köln,Frankfurt am Main,Paris,Skopje|Köln,Köln|Frankfurt am Main,Frankfurt am Main|Paris,Paris|Skopje,Skopje|Frankfurt am Main,Köln|Paris,real,1898.8691999999999,190.4889,571.9096,2237.2309,1716.2958999999998,490.9497
Odessa,Madrid,Zagreb,Stuttgart,Odessa|Madrid,Madrid|Zagreb,Zagreb|Stuttgart,Stuttgart|Odessa,Odessa|Zagreb,Madrid|Stuttgart,real,3888.6817,2181.8455,780.4583,2140.9095,1576.8734,1783.7346
Neapel,Wien,Perm,Astrachan,Neapel|Wien,Wien|Perm,Perm|Astrachan,Astrachan|Neapel,Neapel|Perm,Wien|Astrachan,real,1317.7684,3455.7922000000003,1793.2368000000001,4313.7294,4768.3323,2958.975
Zagreb,Perm,Chisinau,Uljanowsk,Zagreb|Perm,Perm|Chisinau,Chisinau|Uljanowsk,Uljanowsk|Zagreb,Zagreb|Chisinau,Perm|Uljanowsk,real,3820.2422,3010.9547000000002,2165.7846,3219.6387,1420.5701000000001,855.2085
Riga,Mailand,Amsterdam,Prag,Riga|Mailand,Mailand|Amsterdam,Amsterdam|Prag,Prag|Riga,Riga|Amsterdam,Mailand|Prag,real,2230.1517999999996,1077.7697,877.3578,1423.7523999999999,1852.5446000000002,885.0849000000001
Dnipro,Skopje,Rjasan,Amsterdam,Dnipro|Skopje,Skopje|Rjasan,Rjasan|Amsterdam,Amsterdam|Dnipro,Dnipro|Rjasan,Skopje|Amsterdam,real,1587.3562,3125.2097999999996,2636.6529,2459.4287000000004,1043.2445,2149.2554
Kirow,Machatschkala,Stuttgart,Ischewsk,Kirow|Machatschkala,Machatschkala|Stuttgart,Stuttgart|Ischewsk,Ischewsk|Kirow,Kirow|Stuttgart,Machatschkala|Ischewsk,real,2310.427,3747.8302000000003,3605.6017,413.2296,3446.0147,2037.1485
Köln,Prag,Genua,Chisinau,Köln|Prag,Prag|Genua,Genua|Chisinau,Chisinau|Köln,Köln|Genua,Prag|Chisinau,real,691.5106,1040.5345,2183.8836,2005.4922,986.1145,1453.0183
Hamburg,Rom,Budapest,Sofia,Hamburg|Rom,Rom|Budapest,Budapest|Sofia,Sofia|Hamburg,Hamburg|Budapest,Rom|Sofia,real,1709.4427,1217.9894,772.8732,1925.9533999999999,1161.8815,1675.5212
Kasan,Machatschkala,Pensa,Wien,Kasan|Machatschkala,Machatschkala|Pensa,Pensa|Wien,Wien|Kasan,Kasan|Pensa,Machatschkala|Wien,real,1957.8282,1420.1647,2579.5274,2826.2376,520.4954,3199.497
Palermo,Athen,Pensa,Malaga,Palermo|Athen,Athen|Pensa,Pensa|Malaga,Malaga|Palermo,Palermo|Pensa,Athen|Malaga,real,1414.5354,3374.4122,5240.4947,3212.4496,4631.3965,4033.9424
Posen,Krasnodar,Nürnberg,Moskau,Posen|Krasnodar,Krasnodar|Nürnberg,Nürnberg|Moskau,Moskau|Posen,Posen|Nürnberg,Krasnodar|Moskau,real,2389.9192000000003,2991.2134,2176.2446,1563.0355,674.4214000000001,1380.0176000000001
Budapest,Rjasan,Neapel,Sevilla,Budapest|Rjasan,Rjasan|Neapel,Neapel|Sevilla,Sevilla|Budapest,Budapest|Neapel,Rjasan|Sevilla,real,2322.2074,3490.382,2544.2652000000003,2910.6942000000004,1417.8707,4761.6933
Budapest,Turin,Krywyj Rih,Kasan,Budapest|Turin,Turin|Krywyj Rih,Krywyj Rih|Kasan,Kasan|Budapest,Budapest|Krywyj Rih,Turin|Kasan,real,1091.3838,2466.0528999999997,1841.6856,3012.8174,1356.0951,3770.7237999999998
Riga,Istanbul,Amsterdam,Dresden,Riga|Istanbul,Istanbul|Amsterdam,Amsterdam|Dresden,Dresden|Riga,Riga|Amsterdam,Istanbul|Dresden,real,2851.5602999999996,2662.5951,738.4171,1277.3121,1852.5446000000002,1983.7195
Belgrad,Dresden,Barcelona,Saratow,Belgrad|Dresden,Dresden|Barcelona,Barcelona|Saratow,Saratow|Belgrad,Belgrad|Barcelona,Dresden|Saratow,real,1040.5892,1743.2858,4532.602599999999,2719.5384,1988.4706,2713.1958
Dresden,Toulouse,Ufa,Sofia,Dresden|Toulouse,Toulouse|Ufa,Ufa|Sofia,Sofia|Dresden,Dresden|Ufa,Toulouse|Sofia,real,1589.9474,4880.469099999999,3409.6651,1435.1818,3249.1019,2290.3919
Lodz,Kasan,Nabereschnyje Tschelny,Posen,Lodz|Kasan,Kasan|Nabereschnyje Tschelny,Nabereschnyje Tschelny|Posen,Posen|Lodz,Lodz|Nabereschnyje Tschelny,Kasan|Posen,real,2268.9379,233.5343,2643.1801,211.01979999999998,2467.6558,2441.9361
Istanbul,Pensa,Frankfurt am Main,Lissabon,Istanbul|Pensa,Pensa|Frankfurt am Main,Frankfurt am Main|Lissabon,Lissabon|Istanbul,Istanbul|Frankfurt am Main,Pensa|Lissabon,real,2814.5348,2972.2295,2320.6449,4088.4335,2230.4745,5209.7916
Sankt Petersburg,Budapest,Ischewsk,Valencia,Sankt Petersburg|Budapest,Budapest|Ischewsk,Ischewsk|Valencia,Valencia|Sankt Petersburg,Sankt Petersburg|Ischewsk,Budapest|Valencia,real,2041.7375,3359.4522,5222.9385,3913.1211000000003,1879.7667,2265.6547
Wolgograd,Paris,Astrachan,Warschau,Wolgograd|Paris,Paris|Astrachan,Astrachan|Warschau,Warschau|Wolgograd,Wolgograd|Astrachan,Paris|Warschau,real,3777.4283,3995.5827999999997,2412.9222,2202.3095,427.1748,1586.5217
Warschau,Lissabon,Wien,Rjasan,Warschau|Lissabon,Lissabon|Wien,Wien|Rjasan,Rjasan|Warschau,Warschau|Wien,Lissabon|Rjasan,real,3328.518,2863.7162999999996,2135.6276000000003,1452.4083999999998,694.6221999999999,4765.891799999999
Charkiw,Bremen,Nürnberg,Nischni Nowgorod,Charkiw|Bremen,Bremen|Nürnberg,Nürnberg|Nischni Nowgorod,Nischni Nowgorod|Charkiw,Charkiw|Nürnberg,Bremen|Nischni Nowgorod,real,2176.4066000000003,582.1555,2657.6627999999996,1199.6853999999998,2160.2612999999997,2661.8935
Amsterdam,Posen,Toulouse,Machatschkala,Amsterdam|Posen,Posen|Toulouse,Toulouse|Machatschkala,Machatschkala|Amsterdam,Amsterdam|Toulouse,Posen|Machatschkala,real,895.2298000000001,1954.1142,4829.8514000000005,3845.2306,1178.683,2963.9678
Perm,Nabereschnyje Tschelny,Ufa,Valencia,Perm|Nabereschnyje Tschelny,Nabereschnyje Tschelny|Ufa,Ufa|Valencia,Valencia|Perm,Perm|Ufa,Nabereschnyje Tschelny|Valencia,real,479.7907,295.6408,5381.1735,5513.558,527.5093,5074.953
Stuttgart,Lodz,Jaroslawl,Antwerpen,Stuttgart|Lodz,Lodz|Jaroslawl,Jaroslawl|Antwerpen,Antwerpen|Stuttgart,Stuttgart|Jaroslawl,Lodz|Antwerpen,real,994.4894,1662.9691,2793.2749,555.9095,2694.6411000000003,1169.5489
Tirana,München,Dnipro,Köln,Tirana|München,München|Dnipro,Dnipro|Köln,Köln|Tirana,Tirana|Dnipro,München|Köln,real,1607.258,2260.2972999999997,2373.6333999999997,2136.5667000000003,1870.856,575.6821
Wien,Sevilla,Sankt Petersburg,Lyon,Wien|Sevilla,Sevilla|Sankt Petersburg,Sankt Petersburg|Lyon,Lyon|Wien,Wien|Sankt Petersburg,Sevilla|Lyon,real,2774.0143,4483.4737000000005,2931.2594,1233.6938,1854.9318999999998,1624.9273999999998
Nürnberg,Odessa,Lyon,Köln,Nürnberg|Odessa,Odessa|Lyon,Lyon|Köln,Köln|Nürnberg,Nürnberg|Lyon,Odessa|Köln,real,1951.2794,2734.7112,732.3925,409.1087,805.7783000000001,2211.5296000000003
Istanbul,Minsk,Paris,Odessa,Istanbul|Minsk,Minsk|Paris,Paris|Odessa,Odessa|Istanbul,Istanbul|Paris,Minsk|Odessa,real,2730.439,2122.2975,2679.8707999999997,1136.5689,2749.4653,1449.1263999999999
Wien,Madrid,Lwiw (Lemberg),Minsk,Wien|Madrid,Madrid|Lwiw (Lemberg),Lwiw (Lemberg)|Minsk,Minsk|Wien,Wien|Lwiw (Lemberg),Madrid|Minsk,real,2437.8576000000003,3086.2659,650.6965,1230.398,787.0056,3390.7028999999998
Genua,Wolgograd,Donezk,Lissabon,Genua|Wolgograd,Wolgograd|Donezk,Donezk|Lissabon,Lissabon|Genua,Genua|Donezk,Wolgograd|Lissabon,real,3582.1128,611.9665,4836.1102,2012.5176000000001,3066.5119,5485.3165
Perm,Nabereschnyje Tschelny,Charkiw,Hannover,Perm|Nabereschnyje Tschelny,Nabereschnyje Tschelny|Charkiw,Charkiw|Hannover,Hannover|Perm,Perm|Charkiw,Nabereschnyje Tschelny|Hannover,real,479.7907,1712.4025,2071.3419,3583.5199,2193.6256000000003,3153.6897000000004
Hannover,Bremen,Dnipro,Leipzig,Hannover|Bremen,Bremen|Dnipro,Dnipro|Leipzig,Leipzig|Hannover,Hannover|Dnipro,Bremen|Leipzig,real,124.0304,2192.2967999999996,1990.0076999999999,261.2481,2084.7503,366.3128
Rostow am Don,Bukarest,Krywyj Rih,Breslau,Rostow am Don|Bukarest,Bukarest|Krywyj Rih,Krywyj Rih|Breslau,Breslau|Rostow am Don,Rostow am Don|Krywyj Rih,Bukarest|Breslau,real,1438.2585,849.6338000000001,1427.4128,2086.9981000000002,615.357,1536.5693999999999
Machatschkala,Leipzig,Malaga,Rom,Machatschkala|Leipzig,Leipzig|Malaga,Malaga|Rom,Rom|Machatschkala,Machatschkala|Malaga,Leipzig|Rom,real,3375.4274,2678.273,2315.8117,4354.7282000000005,5946.665099999999,1357.1543000000001
Bukarest,Paris,Stuttgart,Sevilla,Bukarest|Paris,Paris|Stuttgart,Stuttgart|Sevilla,Sevilla|Bukarest,Bukarest|Stuttgart,Paris|Sevilla,real,2299.8737,650.1,2253.1407000000004,3723.617,1686.186,1735.5851
Barcelona,Dnipro,Rostow am Don,Rjasan,Barcelona|Dnipro,Dnipro|Rostow am Don,Rostow am Don|Rjasan,Rjasan|Barcelona,Barcelona|Rostow am Don,Dnipro|Rjasan,real,3595.5512000000003,491.3875,950.6628000000001,3845.656,4063.1272000000004,1043.2445
Tirana,Prag,Machatschkala,Samara,Tirana|Prag,Prag|Machatschkala,Machatschkala|Samara,Samara|Tirana,Tirana|Machatschkala,Prag|Samara,real,1565.5555,3272.212,1560.775,4226.2091,3262.8903999999998,3081.8882999999996
Donezk,Malaga,Dnipro,Minsk,Donezk|Malaga,Malaga|Dnipro,Dnipro|Minsk,Minsk|Donezk,Donezk|Dnipro,Malaga|Minsk,real,4806.4357,4557.5543,1156.4176,1352.3102,263.9108,3906.9538
Jaroslawl,Nürnberg,Bukarest,Rom,Jaroslawl|Nürnberg,Nürnberg|Bukarest,Bukarest|Rom,Rom|Jaroslawl,Jaroslawl|Bukarest,Nürnberg|Rom,real,2447.9548999999997,1563.2372,2029.7592,3375.4315,2350.3346,1089.0195
Nabereschnyje Tschelny,Moskau,Hamburg,Wolgograd,Nabereschnyje Tschelny|Moskau,Moskau|Hamburg,Hamburg|Wolgograd,Wolgograd|Nabereschnyje Tschelny,Nabereschnyje Tschelny|Hamburg,Moskau|Wolgograd,real,1033.0764,2103.3934,3042.7104,1194.745,3182.0685,973.6593
Nischni Nowgorod,Leipzig,Lissabon,Orenburg,Nischni Nowgorod|Leipzig,Leipzig|Lissabon,Lissabon|Orenburg,Orenburg|Nischni Nowgorod,Nischni Nowgorod|Lissabon,Leipzig|Orenburg,real,2459.6043999999997,2719.5283,6027.6111,1105.0257,5061.794599999999,3426.8378
Perm,Stuttgart,Paris,Nischni Nowgorod,Perm|Stuttgart,Stuttgart|Paris,Paris|Nischni Nowgorod,Nischni Nowgorod|Perm,Perm|Paris,Stuttgart|Nischni Nowgorod,real,3887.7856,650.1,3319.4672,987.3886,4347.6917,2861.9764
Athen,Istanbul,Palermo,Amsterdam,Athen|Istanbul,Istanbul|Palermo,Palermo|Amsterdam,Amsterdam|Athen,Athen|Palermo,Istanbul|Amsterdam,real,1089.8228000000001,1849.9557,2551.1847000000002,2811.0359,1414.5354,2662.5951
Riga,Marseille,Machatschkala,Skopje,Riga|Marseille,Marseille|Machatschkala,Machatschkala|Skopje,Skopje|Riga,Riga|Machatschkala,Marseille|Skopje,real,2735.0173,4656.8874000000005,2979.3907000000004,2338.753,2711.1992,1952.5448999999999
Lissabon,Sofia,Rostow am Don,Turin,Lissabon|Sofia,Sofia|Rostow am Don,Rostow am Don|Turin,Turin|Lissabon,Lissabon|Rostow am Don,Sofia|Turin,real,3539.8958,1798.5251,3268.8167000000003,2020.8846,5059.4276,1549.7856000000002
Perm,Paris,Kirow,Nabereschnyje Tschelny,Perm|Paris,Paris|Kirow,Kirow|Nabereschnyje Tschelny,Nabereschnyje Tschelny|Perm,Perm|Kirow,Paris|Nabereschnyje Tschelny,real,4347.6917,3863.4732999999997,459.5937,479.7907,494.1184,3916.7864
Paris,Zagreb,Rom,Kirow,Paris|Zagreb,Zagreb|Rom,Rom|Kirow,Kirow|Paris,Paris|Rom,Zagreb|Kirow,real,1415.9121,890.5868,4126.8051000000005,3863.4732999999997,1422.931,3376.1702
Orenburg,Dresden,Posen,Kasan,Orenburg|Dresden,Dresden|Posen,Posen|Kasan,Kasan|Orenburg,Orenburg|Posen,Dresden|Kasan,real,3322.349,406.05109999999996,2441.9361,717.0673,3010.2702000000004,2753.1595
Paris,Genua,Warschau,Samara,Paris|Genua,Genua|Warschau,Warschau|Samara,Samara|Paris,Paris|Warschau,Genua|Samara,real,912.6171999999999,1671.6456,2325.954,3901.0728,1586.5217,4003.4732999999997
Wien,Pensa,Wolgograd,Stuttgart,Wien|Pensa,Pensa|Wolgograd,Wolgograd|Stuttgart,Stuttgart|Wien,Wien|Wolgograd,Pensa|Stuttgart,real,2579.5274,588.1858000000001,3285.4982999999997,620.8901,2578.7741,3053.9682000000003
München,Astrachan,Dnipro,Kirow,München|Astrachan,Astrachan|Dnipro,Dnipro|Kirow,Kirow|München,München|Dnipro,Astrachan|Kirow,real,3407.6419,1226.3037,1992.2786,3400.4735,2260.2972999999997,1803.43
Pensa,Kiew,Homel,Warschau,Pensa|Kiew,Kiew|Homel,Homel|Warschau,Warschau|Pensa,Pensa|Homel,Kiew|Warschau,real,1225.5628000000002,909.8779000000001,869.0044,1896.3081000000002,1121.4206000000001,775.4775
Vilnius,Kirow,Astrachan,Antwerpen,Vilnius|Kirow,Kirow|Astrachan,Astrachan|Antwerpen,Antwerpen|Vilnius,Vilnius|Astrachan,Kirow|Antwerpen,real,1933.4615,1803.43,3672.9013,1769.4666000000002,2273.3343,3540.7918
Zagreb,Amsterdam,Woronesch,Wolgograd,Zagreb|Amsterdam,Amsterdam|Woronesch,Woronesch|Wolgograd,Wolgograd|Zagreb,Zagreb|Woronesch,Amsterdam|Wolgograd,real,1327.9366,2777.6607000000004,587.0719,2697.9211,2643.0682,3352.5472999999997
Amsterdam,Uljanowsk,Charkiw,Saratow,Amsterdam|Uljanowsk,Uljanowsk|Charkiw,Charkiw|Saratow,Saratow|Amsterdam,Amsterdam|Charkiw,Uljanowsk|Saratow,real,3316.0676000000003,1363.6562,996.8718,3323.5995,2443.5385,462.7719
Riga,Zagreb,Minsk,Moskau,Riga|Zagreb,Zagreb|Minsk,Minsk|Moskau,Moskau|Riga,Riga|Minsk,Zagreb|Moskau,real,1756.1155,1597.5288,715.4374,919.4169,485.1465,2313.0148
Riga,Homel,Astrachan,Bukarest,Riga|Homel,Homel|Astrachan,Astrachan|Bukarest,Bukarest|Riga,Riga|Astrachan,Homel|Bukarest,real,809.0355,1730.9936,2204.5301,2354.1814,2304.8931000000002,1764.8653
Minsk,Rjasan,Perm,Dresden,Minsk|Rjasan,Rjasan|Perm,Perm|Dresden,Dresden|Minsk,Minsk|Perm,Rjasan|Dresden,real,904.3910999999999,1405.9448,3381.4864,1158.7729,2224.5557000000003,2063.0401
Amsterdam,Charkiw,Saragossa,Wien,Amsterdam|Charkiw,Charkiw|Saragossa,Saragossa|Wien,Wien|Amsterdam,Amsterdam|Saragossa,Charkiw|Wien,real,2443.5385,3861.953,2065.3729,1148.9268,1558.5956999999999,1798.4941000000001
Dnipro,Lodz,Marseille,Kasan,Dnipro|Lodz,Lodz|Marseille,Marseille|Kasan,Kasan|Dnipro,Dnipro|Marseille,Lodz|Kasan,real,1401.8588,1895.3035,4219.1236,1694.5076000000001,3275.3376000000003,2268.9379
Jaroslawl,Nabereschnyje Tschelny,Saratow,Lipezk,Jaroslawl|Nabereschnyje Tschelny,Nabereschnyje Tschelny|Saratow,Saratow|Lipezk,Lipezk|Jaroslawl,Jaroslawl|Saratow,Nabereschnyje Tschelny|Lipezk,real,1003.712,821.614,581.8306,693.4424,999.0456999999999,1173.8264
Posen,Moskau,Nürnberg,Saratow,Posen|Moskau,Moskau|Nürnberg,Nürnberg|Saratow,Saratow|Posen,Posen|Nürnberg,Moskau|Saratow,real,1563.0355,2176.2446,3016.5032,2403.2941,674.4214000000001,910.7048000000001
Barcelona,Prag,Amsterdam,Budapest,Barcelona|Prag,Prag|Amsterdam,Amsterdam|Budapest,Budapest|Barcelona,Barcelona|Amsterdam,Prag|Budapest,real,1716.2253999999998,877.3578,1398.14,1923.2828,1539.0935,527.8556
Barcelona,Nürnberg,Sofia,Neapel,Barcelona|Nürnberg,Nürnberg|Sofia,Sofia|Neapel,Neapel|Barcelona,Barcelona|Sofia,Nürnberg|Neapel,real,1446.0176999999999,1463.9612,1876.2725,1565.9993,2380.8146,1288.5427
Marseille,Toulouse,Woronesch,Sevilla,Marseille|Toulouse,Toulouse|Woronesch,Woronesch|Sevilla,Sevilla|Marseille,Marseille|Woronesch,Toulouse|Sevilla,real,411.2931,3835.6796,4906.736599999999,1489.9973,3670.2765,1262.4511
Woronesch,Amsterdam,Dresden,Lissabon,Woronesch|Amsterdam,Amsterdam|Dresden,Dresden|Lissabon,Lissabon|Woronesch,Woronesch|Dresden,Amsterdam|Lissabon,real,2777.6607000000004,738.4171,2728.5846,4910.4298,2202.9907000000003,2240.6551
Krasnodar,Rom,Hamburg,Machatschkala,Krasnodar|Rom,Rom|Hamburg,Hamburg|Machatschkala,Machatschkala|Krasnodar,Krasnodar|Hamburg,Rom|Machatschkala,real,3782.8386,1709.4427,3501.3869,861.0376,2929.4973,4354.7282000000005
Donezk,Kiew,Istanbul,Lwiw (Lemberg),Donezk|Kiew,Kiew|Istanbul,Istanbul|Lwiw (Lemberg),Lwiw (Lemberg)|Donezk,Donezk|Istanbul,Kiew|Lwiw (Lemberg),real,742.2738,1594.1931000000002,1881.006,1282.7766000000001,1853.2865,540.8602
Charkiw,Amsterdam,Kasan,Jaroslawl,Charkiw|Amsterdam,Amsterdam|Kasan,Kasan|Jaroslawl,Jaroslawl|Charkiw,Charkiw|Kasan,Amsterdam|Jaroslawl,real,2443.5385,3326.5078,789.871,1109.2691,1506.4128999999998,2721.2255
Nürnberg,Machatschkala,Skopje,Moskau,Nürnberg|Machatschkala,Machatschkala|Skopje,Skopje|Moskau,Moskau|Nürnberg,Nürnberg|Skopje,Machatschkala|Moskau,real,3565.2623,2979.3907000000004,2935.6998,2176.2446,1500.5941,1805.8707
Budapest,Minsk,Sofia,Nabereschnyje Tschelny,Budapest|Minsk,Minsk|Sofia,Sofia|Nabereschnyje Tschelny,Nabereschnyje Tschelny|Budapest,Budapest|Sofia,Minsk|Nabereschnyje Tschelny,real,1419.461,2183.533,3976.3902000000003,3211.4667000000004,772.8732,1793.6504
Madrid,Lodz,Kirow,Nürnberg,Madrid|Lodz,Lodz|Kirow,Kirow|Nürnberg,Nürnberg|Madrid,Madrid|Kirow,Lodz|Nürnberg,real,2754.6072000000004,2414.3427,3250.6086,1961.3573000000001,5131.8787999999995,790.1736999999999
Mailand,Krywyj Rih,Charkiw,Kiew,Mailand|Krywyj Rih,Krywyj Rih|Charkiw,Charkiw|Kiew,Kiew|Mailand,Mailand|Charkiw,Krywyj Rih|Kiew,real,2334.6517000000003,365.21840000000003,479.6307,2172.31,2649.4548,504.2765
Valencia,Ischewsk,Kiew,Breslau,Valencia|Ischewsk,Ischewsk|Kiew,Kiew|Breslau,Breslau|Valencia,Valencia|Kiew,Ischewsk|Breslau,real,5222.9385,2144.1562000000004,1126.2845,2341.9806,3448.41,2833.211
Woronesch,Dnipro,Barcelona,Breslau,Woronesch|Dnipro,Dnipro|Barcelona,Barcelona|Breslau,Breslau|Woronesch,Woronesch|Barcelona,Dnipro|Breslau,real,663.0521,3595.5512000000003,2001.9429,1938.0003000000002,3984.3535,1619.7683
Skopje,Leipzig,Homel,Sofia,Skopje|Leipzig,Leipzig|Homel,Homel|Sofia,Sofia|Skopje,Skopje|Homel,Leipzig|Sofia,real,1576.9083999999998,1583.4457,2503.7269,229.22420000000002,2540.1371,1542.1124
Wolgograd,Kasan,Belgrad,Leipzig,Wolgograd|Kasan,Kasan|Belgrad,Belgrad|Leipzig,Leipzig|Wolgograd,Wolgograd|Belgrad,Kasan|Leipzig,real,1051.4445,3385.6652999999997,1147.5198,2883.1263,2495.2749,2857.0867000000003
Berlin,Belgrad,Lwiw (Lemberg),Leipzig,Berlin|Belgrad,Belgrad|Lwiw (Lemberg),Lwiw (Lemberg)|Leipzig,Leipzig|Berlin,Berlin|Lwiw (Lemberg),Belgrad|Leipzig,real,1243.3165,937.8756999999999,950.8316,186.0045,922.1617,1147.5198
Budapest,Berlin,Donezk,Dnipro,Budapest|Berlin,Berlin|Donezk,Donezk|Dnipro,Dnipro|Budapest,Budapest|Donezk,Berlin|Dnipro,real,871.4987,2085.2998000000002,263.9108,1474.308,1741.3802,1835.793
Köln,Prag,Barcelona,Nabereschnyje Tschelny,Köln|Prag,Prag|Barcelona,Barcelona|Nabereschnyje Tschelny,Nabereschnyje Tschelny|Köln,Köln|Barcelona,Prag|Nabereschnyje Tschelny,real,691.5106,1716.2253999999998,4734.9153,3442.1815,1376.9863,3097.602
Hamburg,Lyon,Machatschkala,Madrid,Hamburg|Lyon,Lyon|Machatschkala,Machatschkala|Madrid,Madrid|Hamburg,Hamburg|Machatschkala,Lyon|Madrid,real,1163.1947,4348.6942,5504.5103,2174.6961,3501.3869,1226.147
Berlin,Hamburg,Perm,Odessa,Berlin|Hamburg,Hamburg|Perm,Perm|Odessa,Odessa|Berlin,Berlin|Perm,Hamburg|Odessa,real,290.0985,3612.9737999999998,2835.2625,1724.5775,3335.2464,2086.3494
Dresden,Toulouse,Berlin,Skopje,Dresden|Toulouse,Toulouse|Berlin,Berlin|Skopje,Skopje|Dresden,Dresden|Berlin,Toulouse|Skopje,real,1589.9474,1713.4443999999999,1672.2516,1471.2202,192.57760000000002,2326.802
Ufa,Nabereschnyje Tschelny,Vilnius,Köln,Ufa|Nabereschnyje Tschelny,Nabereschnyje Tschelny|Vilnius,Vilnius|Köln,Köln|Ufa,Ufa|Vilnius,Nabereschnyje Tschelny|Köln,real,295.6408,1986.7746000000002,1612.3358999999998,3740.2524,2280.5761,3442.1815
Tirana,Lyon,Donezk,Istanbul,Tirana|Lyon,Lyon|Donezk,Donezk|Istanbul,Istanbul|Tirana,Tirana|Donezk,Lyon|Istanbul,real,1802.5009,3208.4647999999997,1853.2865,980.5231,2137.9359,2398.5266
Kasan,Machatschkala,Sevilla,Donezk,Kasan|Machatschkala,Machatschkala|Sevilla,Sevilla|Donezk,Donezk|Kasan,Kasan|Sevilla,Machatschkala|Donezk,real,1957.8282,5970.271,4837.3861,1514.0609,5455.5837,1176.453
Sofia,Perm,Sevilla,Barcelona,Sofia|Perm,Perm|Sevilla,Sevilla|Barcelona,Barcelona|Sofia,Sofia|Sevilla,Perm|Barcelona,real,4407.2955,6081.174400000001,995.1384,2380.8146,3369.0961,5165.8206
Hamburg,Athen,Bukarest,Breslau,Hamburg|Athen,Athen|Bukarest,Bukarest|Breslau,Breslau|Hamburg,Hamburg|Bukarest,Athen|Breslau,real,2624.4143,1148.4991,1536.5693999999999,649.4866,1977.3075,2182.1848999999997
Saragossa,Toulouse,Amsterdam,Kiew,Saragossa|Toulouse,Toulouse|Amsterdam,Amsterdam|Kiew,Kiew|Saragossa,Saragossa|Amsterdam,Toulouse|Kiew,real,389.621,1178.683,1966.394,3384.8082999999997,1558.5956999999999,2947.7057
Riga,Rjasan,München,Athen,Riga|Rjasan,Rjasan|München,München|Athen,Athen|Riga,Riga|München,Rjasan|Athen,real,1128.9413,2564.5272999999997,2031.3406,2996.7992000000004,1780.4189,3780.9075
Warschau,Nürnberg,Turin,Homel,Warschau|Nürnberg,Nürnberg|Turin,Turin|Homel,Homel|Warschau,Warschau|Turin,Nürnberg|Homel,real,924.3861999999999,731.0339,2547.2681000000002,869.0044,1639.9649,1831.2584
Ischewsk,Hannover,Rostow am Don,Wien,Ischewsk|Hannover,Hannover|Rostow am Don,Rostow am Don|Wien,Wien|Ischewsk,Ischewsk|Rostow am Don,Hannover|Wien,real,3300.4541,2554.4618,2279.2065,3172.8723999999997,1878.6628999999998,838.7325999999999
Kiew,Odessa,Turin,Warschau,Kiew|Odessa,Odessa|Turin,Turin|Warschau,Warschau|Kiew,Kiew|Turin,Odessa|Warschau,real,475.1822,2459.3824,1639.9649,775.4775,2308.552,1238.4066
Odessa,Bukarest,Athen,Donezk,Odessa|Bukarest,Bukarest|Athen,Athen|Donezk,Donezk|Odessa,Odessa|Athen,Bukarest|Donezk,real,545.2691,1148.4991,2414.5827000000004,721.4019000000001,1698.3497,1261.2114
Riga,Ischewsk,Kasan,Lodz,Riga|Ischewsk,Ischewsk|Kasan,Kasan|Lodz,Lodz|Riga,Riga|Kasan,Ischewsk|Lodz,real,2110.1333,381.5197,2268.9379,794.2882,1763.9904,2615.0807999999997
Breslau,Woronesch,Neapel,Minsk,Breslau|Woronesch,Woronesch|Neapel,Neapel|Minsk,Minsk|Breslau,Breslau|Neapel,Woronesch|Minsk,real,1938.0003000000002,3591.1582000000003,2545.6187999999997,892.4609,1838.5634,1030.7067
Toulouse,Nischni Nowgorod,Rjasan,Dnipro,Toulouse|Nischni Nowgorod,Nischni Nowgorod|Rjasan,Rjasan|Dnipro,Dnipro|Toulouse,Toulouse|Rjasan,Nischni Nowgorod|Dnipro,real,3987.0443999999998,432.1776,1043.2445,3432.0957000000003,3695.1362000000004,1394.1193999999998
Kasan,Malaga,Athen,Neapel,Kasan|Malaga,Malaga|Athen,Athen|Neapel,Neapel|Kasan,Kasan|Athen,Malaga|Neapel,real,5501.3403,4033.9424,1119.8512,4140.0054,4476.3804,2515.3349
Skopje,Köln,Frankfurt am Main,Paris,Skopje|Köln,Köln|Frankfurt am Main,Frankfurt am Main|Paris,Paris|Skopje,Skopje|Frankfurt am Main,Köln|Paris,real,1898.8691999999999,190.4889,571.9096,2237.2309,1716.2958999999998,490.9497
Odessa,Madrid,Zagreb,Stuttgart,Odessa|Madrid,Madrid|Zagreb,Zagreb|Stuttgart,Stuttgart|Odessa,Odessa|Zagreb,Madrid|Stuttgart,real,3888.6817,2181.8455,780.4583,2140.9095,1576.8734,1783.7346
Neapel,Wien,Perm,Astrachan,Neapel|Wien,Wien|Perm,Perm|Astrachan,Astrachan|Neapel,Neapel|Perm,Wien|Astrachan,real,1317.7684,3455.7922000000003,1793.2368000000001,4313.7294,4768.3323,2958.975
Zagreb,Perm,Chisinau,Uljanowsk,Zagreb|Perm,Perm|Chisinau,Chisinau|Uljanowsk,Uljanowsk|Zagreb,Zagreb|Chisinau,Perm|Uljanowsk,real,3820.2422,3010.9547000000002,2165.7846,3219.6387,1420.5701000000001,855.2085
Riga,Mailand,Amsterdam,Prag,Riga|Mailand,Mailand|Amsterdam,Amsterdam|Prag,Prag|Riga,Riga|Amsterdam,Mailand|Prag,real,2230.1517999999996,1077.7697,877.3578,1423.7523999999999,1852.5446000000002,885.0849000000001
Dnipro,Skopje,Rjasan,Amsterdam,Dnipro|Skopje,Skopje|Rjasan,Rjasan|Amsterdam,Amsterdam|Dnipro,Dnipro|Rjasan,Skopje|Amsterdam,real,1587.3562,3125.2097999999996,2636.6529,2459.4287000000004,1043.2445,2149.2554
Kirow,Machatschkala,Stuttgart,Ischewsk,Kirow|Machatschkala,Machatschkala|Stuttgart,Stuttgart|Ischewsk,Ischewsk|Kirow,Kirow|Stuttgart,Machatschkala|Ischewsk,real,2310.427,3747.8302000000003,3605.6017,413.2296,3446.0147,2037.1485
Köln,Prag,Genua,Chisinau,Köln|Prag,Prag|Genua,Genua|Chisinau,Chisinau|Köln,Köln|Genua,Prag|Chisinau,real,691.5106,1040.5345,2183.8836,2005.4922,986.1145,1453.0183
Hamburg,Rom,Budapest,Sofia,Hamburg|Rom,Rom|Budapest,Budapest|Sofia,Sofia|Hamburg,Hamburg|Budapest,Rom|Sofia,real,1709.4427,1217.9894,772.8732,1925.9533999999999,1161.8815,1675.5212
Kasan,Machatschkala,Pensa,Wien,Kasan|Machatschkala,Machatschkala|Pensa,Pensa|Wien,Wien|Kasan,Kasan|Pensa,Machatschkala|Wien,real,1957.8282,1420.1647,2579.5274,2826.2376,520.4954,3199.497
Palermo,Athen,Pensa,Malaga,Palermo|Athen,Athen|Pensa,Pensa|Malaga,Malaga|Palermo,Palermo|Pensa,Athen|Malaga,real,1414.5354,3374.4122,5240.4947,3212.4496,4631.3965,4033.9424
Posen,Krasnodar,Nürnberg,Moskau,Posen|Krasnodar,Krasnodar|Nürnberg,Nürnberg|Moskau,Moskau|Posen,Posen|Nürnberg,Krasnodar|Moskau,real,2389.9192000000003,2991.2134,2176.2446,1563.0355,674.4214000000001,1380.0176000000001
Budapest,Rjasan,Neapel,Sevilla,Budapest|Rjasan,Rjasan|Neapel,Neapel|Sevilla,Sevilla|Budapest,Budapest|Neapel,Rjasan|Sevilla,real,2322.2074,3490.382,2544.2652000000003,2910.6942000000004,1417.8707,4761.6933
Budapest,Turin,Krywyj Rih,Kasan,Budapest|Turin,Turin|Krywyj Rih,Krywyj Rih|Kasan,Kasan|Budapest,Budapest|Krywyj Rih,Turin|Kasan,real,1091.3838,2466.0528999999997,1841.6856,3012.8174,1356.0951,3770.7237999999998
Riga,Istanbul,Amsterdam,Dresden,Riga|Istanbul,Istanbul|Amsterdam,Amsterdam|Dresden,Dresden|Riga,Riga|Amsterdam,Istanbul|Dresden,real,2851.5602999999996,2662.5951,738.4171,1277.3121,1852.5446000000002,1983.7195
Belgrad,Dresden,Barcelona,Saratow,Belgrad|Dresden,Dresden|Barcelona,Barcelona|Saratow,Saratow|Belgrad,Belgrad|Barcelona,Dresden|Saratow,real,1040.5892,1743.2858,4532.602599999999,2719.5384,1988.4706,2713.1958
Dresden,Toulouse,Ufa,Sofia,Dresden|Toulouse,Toulouse|Ufa,Ufa|Sofia,Sofia|Dresden,Dresden|Ufa,Toulouse|Sofia,real,1589.9474,4880.469099999999,3409.6651,1435.1818,3249.1019,2290.3919
Lodz,Kasan,Nabereschnyje Tschelny,Posen,Lodz|Kasan,Kasan|Nabereschnyje Tschelny,Nabereschnyje Tschelny|Posen,Posen|Lodz,Lodz|Nabereschnyje Tschelny,Kasan|Posen,real,2268.9379,233.5343,2643.1801,211.01979999999998,2467.6558,2441.9361
Istanbul,Pensa,Frankfurt am Main,Lissabon,Istanbul|Pensa,Pensa|Frankfurt am Main,Frankfurt am Main|Lissabon,Lissabon|Istanbul,Istanbul|Frankfurt am Main,Pensa|Lissabon,real,2814.5348,2972.2295,2320.6449,4088.4335,2230.4745,5209.7916
Sankt Petersburg,Budapest,Ischewsk,Valencia,Sankt Petersburg|Budapest,Budapest|Ischewsk,Ischewsk|Valencia,Valencia|Sankt Petersburg,Sankt Petersburg|Ischewsk,Budapest|Valencia,real,2041.7375,3359.4522,5222.9385,3913.1211000000003,1879.7667,2265.6547
Wolgograd,Paris,Astrachan,Warschau,Wolgograd|Paris,Paris|Astrachan,Astrachan|Warschau,Warschau|Wolgograd,Wolgograd|Astrachan,Paris|Warschau,real,3777.4283,3995.5827999999997,2412.9222,2202.3095,427.1748,1586.5217
Warschau,Lissabon,Wien,Rjasan,Warschau|Lissabon,Lissabon|Wien,Wien|Rjasan,Rjasan|Warschau,Warschau|Wien,Lissabon|Rjasan,real,3328.518,2863.7162999999996,2135.6276000000003,1452.4083999999998,694.6221999999999,4765.891799999999
Charkiw,Bremen,Nürnberg,Nischni Nowgorod,Charkiw|Bremen,Bremen|Nürnberg,Nürnberg|Nischni Nowgorod,Nischni Nowgorod|Charkiw,Charkiw|Nürnberg,Bremen|Nischni Nowgorod,real,2176.4066000000003,582.1555,2657.6627999999996,1199.6853999999998,2160.2612999999997,2661.8935
Amsterdam,Posen,Toulouse,Machatschkala,Amsterdam|Posen,Posen|Toulouse,Toulouse|Machatschkala,Machatschkala|Amsterdam,Amsterdam|Toulouse,Posen|Machatschkala,real,895.2298000000001,1954.1142,4829.8514000000005,3845.2306,1178.683,2963.9678
Perm,Nabereschnyje Tschelny,Ufa,Valencia,Perm|Nabereschnyje Tschelny,Nabereschnyje Tschelny|Ufa,Ufa|Valencia,Valencia|Perm,Perm|Ufa,Nabereschnyje Tschelny|Valencia,real,479.7907,295.6408,5381.1735,5513.558,527.5093,5074.953
Stuttgart,Lodz,Jaroslawl,Antwerpen,Stuttgart|Lodz,Lodz|Jaroslawl,Jaroslawl|Antwerpen,Antwerpen|Stuttgart,Stuttgart|Jaroslawl,Lodz|Antwerpen,real,994.4894,1662.9691,2793.2749,555.9095,2694.6411000000003,1169.5489
Tirana,München,Dnipro,Köln,Tirana|München,München|Dnipro,Dnipro|Köln,Köln|Tirana,Tirana|Dnipro,München|Köln,real,1607.258,2260.2972999999997,2373.6333999999997,2136.5667000000003,1870.856,575.6821
Wien,Sevilla,Sankt Petersburg,Lyon,Wien|Sevilla,Sevilla|Sankt Petersburg,Sankt Petersburg|Lyon,Lyon|Wien,Wien|Sankt Petersburg,Sevilla|Lyon,real,2774.0143,4483.4737000000005,2931.2594,1233.6938,1854.9318999999998,1624.9273999999998
Nürnberg,Odessa,Lyon,Köln,Nürnberg|Odessa,Odessa|Lyon,Lyon|Köln,Köln|Nürnberg,Nürnberg|Lyon,Odessa|Köln,real,1951.2794,2734.7112,732.3925,409.1087,805.7783000000001,2211.5296000000003
Istanbul,Minsk,Paris,Odessa,Istanbul|Minsk,Minsk|Paris,Paris|Odessa,Odessa|Istanbul,Istanbul|Paris,Minsk|Odessa,real,2730.439,2122.2975,2679.8707999999997,1136.5689,2749.4653,1449.1263999999999
Wien,Madrid,Lwiw (Lemberg),Minsk,Wien|Madrid,Madrid|Lwiw (Lemberg),Lwiw (Lemberg)|Minsk,Minsk|Wien,Wien|Lwiw (Lemberg),Madrid|Minsk,real,2437.8576000000003,3086.2659,650.6965,1230.398,787.0056,3390.7028999999998
Genua,Wolgograd,Donezk,Lissabon,Genua|Wolgograd,Wolgograd|Donezk,Donezk|Lissabon,Lissabon|Genua,Genua|Donezk,Wolgograd|Lissabon,real,3582.1128,611.9665,4836.1102,2012.5176000000001,3066.5119,5485.3165
Perm,Nabereschnyje Tschelny,Charkiw,Hannover,Perm|Nabereschnyje Tschelny,Nabereschnyje Tschelny|Charkiw,Charkiw|Hannover,Hannover|Perm,Perm|Charkiw,Nabereschnyje Tschelny|Hannover,real,479.7907,1712.4025,2071.3419,3583.5199,2193.6256000000003,3153.6897000000004
Hannover,Bremen,Dnipro,Leipzig,Hannover|Bremen,Bremen|Dnipro,Dnipro|Leipzig,Leipzig|Hannover,Hannover|Dnipro,Bremen|Leipzig,real,124.0304,2192.2967999999996,1990.0076999999999,261.2481,2084.7503,366.3128
Rostow am Don,Bukarest,Krywyj Rih,Breslau,Rostow am Don|Bukarest,Bukarest|Krywyj Rih,Krywyj Rih|Breslau,Breslau|Rostow am Don,Rostow am Don|Krywyj Rih,Bukarest|Breslau,real,1438.2585,849.6338000000001,1427.4128,2086.9981000000002,615.357,1536.5693999999999
Machatschkala,Leipzig,Malaga,Rom,Machatschkala|Leipzig,Leipzig|Malaga,Malaga|Rom,Rom|Machatschkala,Machatschkala|Malaga,Leipzig|Rom,real,3375.4274,2678.273,2315.8117,4354.7282000000005,5946.665099999999,1357.1543000000001
Bukarest,Paris,Stuttgart,Sevilla,Bukarest|Paris,Paris|Stuttgart,Stuttgart|Sevilla,Sevilla|Bukarest,Bukarest|Stuttgart,Paris|Sevilla,real,2299.8737,650.1,2253.1407000000004,3723.617,1686.186,1735.5851
Barcelona,Dnipro,Rostow am Don,Rjasan,Barcelona|Dnipro,Dnipro|Rostow am Don,Rostow am Don|Rjasan,Rjasan|Barcelona,Barcelona|Rostow am Don,Dnipro|Rjasan,real,3595.5512000000003,491.3875,950.6628000000001,3845.656,4063.1272000000004,1043.2445
Tirana,Prag,Machatschkala,Samara,Tirana|Prag,Prag|Machatschkala,Machatschkala|Samara,Samara|Tirana,Tirana|Machatschkala,Prag|Samara,real,1565.5555,3272.212,1560.775,4226.2091,3262.8903999999998,3081.8882999999996
Donezk,Malaga,Dnipro,Minsk,Donezk|Malaga,Malaga|Dnipro,Dnipro|Minsk,Minsk|Donezk,Donezk|Dnipro,Malaga|Minsk,real,4806.4357,4557.5543,1156.4176,1352.3102,263.9108,3906.9538
Jaroslawl,Nürnberg,Bukarest,Rom,Jaroslawl|Nürnberg,Nürnberg|Bukarest,Bukarest|Rom,Rom|Jaroslawl,Jaroslawl|Bukarest,Nürnberg|Rom,real,2447.9548999999997,1563.2372,2029.7592,3375.4315,2350.3346,1089.0195
Nabereschnyje Tschelny,Moskau,Hamburg,Wolgograd,Nabereschnyje Tschelny|Moskau,Moskau|Hamburg,Hamburg|Wolgograd,Wolgograd|Nabereschnyje Tschelny,Nabereschnyje Tschelny|Hamburg,Moskau|Wolgograd,real,1033.0764,2103.3934,3042.7104,1194.745,3182.0685,973.6593
Nischni Nowgorod,Leipzig,Lissabon,Orenburg,Nischni Nowgorod|Leipzig,Leipzig|Lissabon,Lissabon|Orenburg,Orenburg|Nischni Nowgorod,Nischni Nowgorod|Lissabon,Leipzig|Orenburg,real,2459.6043999999997,2719.5283,6027.6111,1105.0257,5061.794599999999,3426.8378
Perm,Stuttgart,Paris,Nischni Nowgorod,Perm|Stuttgart,Stuttgart|Paris,Paris|Nischni Nowgorod,Nischni Nowgorod|Perm,Perm|Paris,Stuttgart|Nischni Nowgorod,real,3887.7856,650.1,3319.4672,987.3886,4347.6917,2861.9764
Athen,Istanbul,Palermo,Amsterdam,Athen|Istanbul,Istanbul|Palermo,Palermo|Amsterdam,Amsterdam|Athen,Athen|Palermo,Istanbul|Amsterdam,real,1089.8228000000001,1849.9557,2551.1847000000002,2811.0359,1414.5354,2662.5951
Riga,Marseille,Machatschkala,Skopje,Riga|Marseille,Marseille|Machatschkala,Machatschkala|Skopje,Skopje|Riga,Riga|Machatschkala,Marseille|Skopje,real,2735.0173,4656.8874000000005,2979.3907000000004,2338.753,2711.1992,1952.5448999999999
Lissabon,Sofia,Rostow am Don,Turin,Lissabon|Sofia,Sofia|Rostow am Don,Rostow am Don|Turin,Turin|Lissabon,Lissabon|Rostow am Don,Sofia|Turin,real,3539.8958,1798.5251,3268.8167000000003,2020.8846,5059.4276,1549.7856000000002
Perm,Paris,Kirow,Nabereschnyje Tschelny,Perm|Paris,Paris|Kirow,Kirow|Nabereschnyje Tschelny,Nabereschnyje Tschelny|Perm,Perm|Kirow,Paris|Nabereschnyje Tschelny,real,4347.6917,3863.4732999999997,459.5937,479.7907,494.1184,3916.7864
Paris,Zagreb,Rom,Kirow,Paris|Zagreb,Zagreb|Rom,Rom|Kirow,Kirow|Paris,Paris|Rom,Zagreb|Kirow,real,1415.9121,890.5868,4126.8051000000005,3863.4732999999997,1422.931,3376.1702
Orenburg,Dresden,Posen,Kasan,Orenburg|Dresden,Dresden|Posen,Posen|Kasan,Kasan|Orenburg,Orenburg|Posen,Dresden|Kasan,real,3322.349,406.05109999999996,2441.9361,717.0673,3010.2702000000004,2753.1595
Paris,Genua,Warschau,Samara,Paris|Genua,Genua|Warschau,Warschau|Samara,Samara|Paris,Paris|Warschau,Genua|Samara,real,912.6171999999999,1671.6456,2325.954,3901.0728,1586.5217,4003.4732999999997
Wien,Pensa,Wolgograd,Stuttgart,Wien|Pensa,Pensa|Wolgograd,Wolgograd|Stuttgart,Stuttgart|Wien,Wien|Wolgograd,Pensa|Stuttgart,real,2579.5274,588.1858000000001,3285.4982999999997,620.8901,2578.7741,3053.9682000000003
München,Astrachan,Dnipro,Kirow,München|Astrachan,Astrachan|Dnipro,Dnipro|Kirow,Kirow|München,München|Dnipro,Astrachan|Kirow,real,3407.6419,1226.3037,1992.2786,3400.4735,2260.2972999999997,1803.43
Pensa,Kiew,Homel,Warschau,Pensa|Kiew,Kiew|Homel,Homel|Warschau,Warschau|Pensa,Pensa|Homel,Kiew|Warschau,real,1225.5628000000002,909.8779000000001,869.0044,1896.3081000000002,1121.4206000000001,775.4775
Vilnius,Kirow,Astrachan,Antwerpen,Vilnius|Kirow,Kirow|Astrachan,Astrachan|Antwerpen,Antwerpen|Vilnius,Vilnius|Astrachan,Kirow|Antwerpen,real,1933.4615,1803.43,3672.9013,1769.4666000000002,2273.3343,3540.7918
Zagreb,Amsterdam,Woronesch,Wolgograd,Zagreb|Amsterdam,Amsterdam|Woronesch,Woronesch|Wolgograd,Wolgograd|Zagreb,Zagreb|Woronesch,Amsterdam|Wolgograd,real,1327.9366,2777.6607000000004,587.0719,2697.9211,2643.0682,3352.5472999999997
Amsterdam,Uljanowsk,Charkiw,Saratow,Amsterdam|Uljanowsk,Uljanowsk|Charkiw,Charkiw|Saratow,Saratow|Amsterdam,Amsterdam|Charkiw,Uljanowsk|Saratow,real,3316.0676000000003,1363.6562,996.8718,3323.5995,2443.5385,462.7719
Riga,Zagreb,Minsk,Moskau,Riga|Zagreb,Zagreb|Minsk,Minsk|Moskau,Moskau|Riga,Riga|Minsk,Zagreb|Moskau,real,1756.1155,1597.5288,715.4374,919.4169,485.1465,2313.0148
Riga,Homel,Astrachan,Bukarest,Riga|Homel,Homel|Astrachan,Astrachan|Bukarest,Bukarest|Riga,Riga|Astrachan,Homel|Bukarest,real,809.0355,1730.9936,2204.5301,2354.1814,2304.8931000000002,1764.8653
Minsk,Rjasan,Perm,Dresden,Minsk|Rjasan,Rjasan|Perm,Perm|Dresden,Dresden|Minsk,Minsk|Perm,Rjasan|Dresden,real,904.3910999999999,1405.9448,3381.4864,1158.7729,2224.5557000000003,2063.0401
Amsterdam,Charkiw,Saragossa,Wien,Amsterdam|Charkiw,Charkiw|Saragossa,Saragossa|Wien,Wien|Amsterdam,Amsterdam|Saragossa,Charkiw|Wien,real,2443.5385,3861.953,2065.3729,1148.9268,1558.5956999999999,1798.4941000000001
Dnipro,Lodz,Marseille,Kasan,Dnipro|Lodz,Lodz|Marseille,Marseille|Kasan,Kasan|Dnipro,Dnipro|Marseille,Lodz|Kasan,real,1401.8588,1895.3035,4219.1236,1694.5076000000001,3275.3376000000003,2268.9379
Jaroslawl,Nabereschnyje Tschelny,Saratow,Lipezk,Jaroslawl|Nabereschnyje Tschelny,Nabereschnyje Tschelny|Saratow,Saratow|Lipezk,Lipezk|Jaroslawl,Jaroslawl|Saratow,Nabereschnyje Tschelny|Lipezk,real,1003.712,821.614,581.8306,693.4424,999.0456999999999,1173.8264
Posen,Moskau,Nürnberg,Saratow,Posen|Moskau,Moskau|Nürnberg,Nürnberg|Saratow,Saratow|Posen,Posen|Nürnberg,Moskau|Saratow,real,1563.0355,2176.2446,3016.5032,2403.2941,674.4214000000001,910.7048000000001
Barcelona,Prag,Amsterdam,Budapest,Barcelona|Prag,Prag|Amsterdam,Amsterdam|Budapest,Budapest|Barcelona,Barcelona|Amsterdam,Prag|Budapest,real,1716.2253999999998,877.3578,1398.14,1923.2828,1539.0935,527.8556
Barcelona,Nürnberg,Sofia,Neapel,Barcelona|Nürnberg,Nürnberg|Sofia,Sofia|Neapel,Neapel|Barcelona,Barcelona|Sofia,Nürnberg|Neapel,real,1446.0176999999999,1463.9612,1876.2725,1565.9993,2380.8146,1288.5427
Marseille,Toulouse,Woronesch,Sevilla,Marseille|Toulouse,Toulouse|Woronesch,Woronesch|Sevilla,Sevilla|Marseille,Marseille|Woronesch,Toulouse|Sevilla,real,411.2931,3835.6796,4906.736599999999,1489.9973,3670.2765,1262.4511
Woronesch,Amsterdam,Dresden,Lissabon,Woronesch|Amsterdam,Amsterdam|Dresden,Dresden|Lissabon,Lissabon|Woronesch,Woronesch|Dresden,Amsterdam|Lissabon,real,2777.6607000000004,738.4171,2728.5846,4910.4298,2202.9907000000003,2240.6551
Krasnodar,Rom,Hamburg,Machatschkala,Krasnodar|Rom,Rom|Hamburg,Hamburg|Machatschkala,Machatschkala|Krasnodar,Krasnodar|Hamburg,Rom|Machatschkala,real,3782.8386,1709.4427,3501.3869,861.0376,2929.4973,4354.7282000000005
Donezk,Kiew,Istanbul,Lwiw (Lemberg),Donezk|Kiew,Kiew|Istanbul,Istanbul|Lwiw (Lemberg),Lwiw (Lemberg)|Donezk,Donezk|Istanbul,Kiew|Lwiw (Lemberg),real,742.2738,1594.1931000000002,1881.006,1282.7766000000001,1853.2865,540.8602
Charkiw,Amsterdam,Kasan,Jaroslawl,Charkiw|Amsterdam,Amsterdam|Kasan,Kasan|Jaroslawl,Jaroslawl|Charkiw,Charkiw|Kasan,Amsterdam|Jaroslawl,real,2443.5385,3326.5078,789.871,1109.2691,1506.4128999999998,2721.2255
Nürnberg,Machatschkala,Skopje,Moskau,Nürnberg|Machatschkala,Machatschkala|Skopje,Skopje|Moskau,Moskau|Nürnberg,Nürnberg|Skopje,Machatschkala|Moskau,real,3565.2623,2979.3907000000004,2935.6998,2176.2446,1500.5941,1805.8707
Budapest,Minsk,Sofia,Nabereschnyje Tschelny,Budapest|Minsk,Minsk|Sofia,Sofia|Nabereschnyje Tschelny,Nabereschnyje Tschelny|Budapest,Budapest|Sofia,Minsk|Nabereschnyje Tschelny,real,1419.461,2183.533,3976.3902000000003,3211.4667000000004,772.8732,1793.6504
Madrid,Lodz,Kirow,Nürnberg,Madrid|Lodz,Lodz|Kirow,Kirow|Nürnberg,Nürnberg|Madrid,Madrid|Kirow,Lodz|Nürnberg,real,2754.6072000000004,2414.3427,3250.6086,1961.3573000000001,5131.8787999999995,790.1736999999999
Mailand,Krywyj Rih,Charkiw,Kiew,Mailand|Krywyj Rih,Krywyj Rih|Charkiw,Charkiw|Kiew,Kiew|Mailand,Mailand|Charkiw,Krywyj Rih|Kiew,real,2334.6517000000003,365.21840000000003,479.6307,2172.31,2649.4548,504.2765
Valencia,Ischewsk,Kiew,Breslau,Valencia|Ischewsk,Ischewsk|Kiew,Kiew|Breslau,Breslau|Valencia,Valencia|Kiew,Ischewsk|Breslau,real,5222.9385,2144.1562000000004,1126.2845,2341.9806,3448.41,2833.211
Woronesch,Dnipro,Barcelona,Breslau,Woronesch|Dnipro,Dnipro|Barcelona,Barcelona|Breslau,Breslau|Woronesch,Woronesch|Barcelona,Dnipro|Breslau,real,663.0521,3595.5512000000003,2001.9429,1938.0003000000002,3984.3535,1619.7683
Skopje,Leipzig,Homel,Sofia,Skopje|Leipzig,Leipzig|Homel,Homel|Sofia,Sofia|Skopje,Skopje|Homel,Leipzig|Sofia,real,1576.9083999999998,1583.4457,2503.7269,229.22420000000002,2540.1371,1542.1124
Wolgograd,Kasan,Belgrad,Leipzig,Wolgograd|Kasan,Kasan|Belgrad,Belgrad|Leipzig,Leipzig|Wolgograd,Wolgograd|Belgrad,Kasan|Leipzig,real,1051.4445,3385.6652999999997,1147.5198,2883.1263,2495.2749,2857.0867000000003
Berlin,Belgrad,Lwiw (Lemberg),Leipzig,Berlin|Belgrad,Belgrad|Lwiw (Lemberg),Lwiw (Lemberg)|Leipzig,Leipzig|Berlin,Berlin|Lwiw (Lemberg),Belgrad|Leipzig,real,1243.3165,937.8756999999999,950.8316,186.0045,922.1617,1147.5198
